method,threshold,f1_tune,recall,precision,f1,fa_per_100,delay_mean,alarms,recall_random,recall_over_random,recall_ramp,recall_spike,recall_step,recall_size_0.1,recall_size_0.2,recall_size_0.3
zero,inf,0.0,0.0,0.0,0.0,0.0,,0,0.0,0.0,0.0,0.0,0.0,0.0,0.0,0.0
zscore,3.6233,0.5022258862324814,0.4095600217273221,0.6145069274653626,0.49152542372881347,0.2516901822457378,0.3110079575596817,2454,0.03343315997640317,12.250114019027395,0.328537170263789,0.464573268921095,0.4373423044575273,0.13268608414239483,0.4540182270091135,0.642453591606134
panel,5.4366,0.37947860030670566,0.36203150461705597,0.3718270571827057,0.3668639053254437,0.6797472075249853,0.2895723930982746,3585,0.048587620817049704,7.4511058275571465,0.24940047961630696,0.4323671497584541,0.40706476030277544,0.09385113268608414,0.40430820215410107,0.5883777239709443
cusum,7.4568,0.09682641497907693,0.42857142857142855,0.055003659939349574,0.09749467115628184,11.707267783656672,0.6673003802281369,28689,0.3454973881674278,1.2404476654502035,0.42525979216626697,0.33011272141706927,0.5349032800672834,0.1901294498381877,0.4523612261806131,0.6432606941081518
bocpd,0.2617,0.49783972125435544,0.47664312873438347,0.4927007299270073,0.48453892876863613,0.7849243092298649,0.2774928774928775,3562,0.04828102893558717,9.87226534401916,0.3820943245403677,0.5064412238325282,0.5449957947855341,0.21925566343042072,0.5103562551781275,0.7005649717514124
forecast,4.59,0.37848383500557414,0.36203150461705597,0.3656061437191443,0.3638100436681223,0.7743606701940035,0.25806451612903225,3646,0.04940043689879092,7.328508153860411,0.21742605915267785,0.45974235104669886,0.4121110176619008,0.08171521035598706,0.4076222038111019,0.5972558514931396
chronos,2.02,0.5292662819455894,0.4217816404128191,0.6489761805265357,0.511275720164609,0.3802910052910053,0.050869285254346426,2393,0.032611268537434346,12.933616486848944,0.1806554756195044,0.5555555555555556,0.535744322960471,0.17718446601941748,0.45650372825186414,0.6319612590799032
chronos+valve,2.02,,0.4217816404128191,0.6489761805265357,0.511275720164609,0.3802910052910053,0.050869285254346426,2393,0.032611268537434346,12.933616486848944,0.1806554756195044,0.5555555555555556,0.535744322960471,0.17718446601941748,0.45650372825186414,0.6319612590799032
chronos&zscore,,,0.3193916349809886,0.7587096774193548,0.44954128440366975,0.07991622574955907,0.11479591836734694,1550,0.02120524380860922,15.061917602254459,0.13828936850519585,0.42995169082125606,0.39444911690496215,0.08171521035598706,0.34217067108533555,0.5343018563357547
chronos|zscore,,,0.5084193373166758,0.5185595567867036,0.5134393856280856,0.565843621399177,0.20352564102564102,3610,0.048920798172165325,10.392703232833869,0.35891286970423664,0.5909822866344605,0.5794785534062237,0.22815533980582525,0.5642087821043911,0.7336561743341404
chronos+pelt(pen=3),1.2338657828695696,,0.25040738728951656,0.37028112449799194,0.29876863253402464,0.6999559082892416,1.0607375271149675,2490,0.03391799215687075,7.382730266915039,0.1838529176658673,0.2560386473429952,0.31455004205214465,0.13754045307443366,0.275890637945319,0.33817594834543985
chronos+pelt(pen=6),1.2338657828695696,,0.21998913633894623,0.4510022271714922,0.2957283680175246,0.43448706643151086,1.0716049382716049,1796,0.024542904635630025,8.96345153945545,0.16546762589928057,0.2069243156199678,0.2910008410428932,0.09789644012944984,0.24192212096106047,0.32041969330104925
chronos+pelt(pen=10),1.2338657828695696,,0.18984247691472025,0.5193164933135216,0.27804295942720764,0.2815439447383892,1.0758226037195995,1346,0.01843165978924155,10.29980365770044,0.14548361310951238,0.16505636070853463,0.2624053826745164,0.07281553398058252,0.20298260149130073,0.2937853107344633
chronos+pelt(pen=15),1.2338657828695696,,0.16051059206952742,0.5788442703232125,0.25132893897512226,0.18463403880070545,1.0879864636209813,1021,0.014002144932971028,11.463286006386857,0.12070343725019984,0.13446054750402575,0.22960470984020184,0.049352750809061485,0.16984258492129245,0.2623083131557708
