target,positives,rate_pct,auc_model,auc_rule,precision_top100,precision_top100_rule
2024-01,127,1.05,0.6697600691550285,0.3503519262030587,0.06,0.0
2024-02,32,0.26,0.6153846153846154,0.4488120648209549,0.02,0.0
2024-03,30,0.25,0.6286963368141886,0.381123266478811,0.0,0.0
2024-04,50,0.41,0.6275253196081687,0.46402789307653985,0.0,0.0
2024-05,65,0.54,0.6024929189337801,0.5400523007870693,0.01,0.0
2024-06,64,0.53,0.6609665890957447,0.3604853203956117,0.01,0.0
2024-07,46,0.38,0.6943694750135305,0.28072523904023094,0.04,0.0
2024-08,79,0.65,0.6091491694782603,0.4898356020953439,0.01,0.0
2024-09,47,0.39,0.5923887035738818,0.43208141224750707,0.01,0.01
2024-10,35,0.29,0.5930768592985656,0.462671894062326,0.0,0.0
2024-11,48,0.4,0.6370991727534308,0.42824016434262946,0.02,0.0
2024-12,61,0.5,0.5727992807862314,0.49922561926621123,0.01,0.0
