model,H,MAE_all,MAE_report
ensemble,1,325.4579350573512,300.9751730327561
panel_blend_ses_bytype,1,335.4960419254634,317.51885386476005
lgbm,1,329.64916358749235,311.4768738701031
chronos2_dev,1,325.0320210335964,296.0827951505063
panel_blend_sesseas_bytype,1,342.94518222957896,314.0717723934706
prophet_default,1,599.4902271597646,640.449639565209
ensemble,3,414.4015964770062,412.1826813163284
panel_blend_ses_bytype,3,424.11333790938573,427.55070583685244
lgbm,3,418.7060386681742,422.9818985832942
chronos2_dev,3,415.2661516273459,402.27706562080107
panel_blend_sesseas_bytype,3,423.5855229469404,420.68006305506395
prophet_default,3,566.1985812112418,624.9869753468251
ensemble,6,506.45420946370365,535.8432084553789
panel_blend_ses_bytype,6,512.4349143526216,551.9741533268395
lgbm,6,509.0230766175334,542.3824011335573
chronos2_dev,6,514.1960464163062,525.5682157178478
panel_blend_sesseas_bytype,6,508.7809207859067,542.2159644271685
prophet_default,6,592.5154860289098,656.7215505528228
ensemble,12,467.3845127177477,
panel_blend_ses_bytype,12,469.8441477859739,
lgbm,12,469.8441477859739,
chronos2_dev,12,496.1915413952809,
panel_blend_sesseas_bytype,12,470.7976220138361,
prophet_default,12,894.297100954732,
