members,how,select_MAE
panel_blend_ses_bytype+lgbm+chronos2_dev+panel_blend_sesseas_bytype,median,465.44597462493175
panel_blend_ses_bytype+lgbm+chronos2_dev,median,465.58446924733227
panel_blend_ses_bytype+lgbm+chronos2_dev+panel_blend_sesseas_bytype,mean,466.2289710868987
panel_blend_ses_bytype+lgbm+chronos2_dev+panel_blend_sesseas_bytype,geo,466.4475701740728
lgbm+chronos2_dev+panel_blend_sesseas_bytype,median,467.17851071444915
panel_blend_ses_bytype+lgbm+chronos2_dev,mean,467.2707694032419
panel_blend_ses_bytype+lgbm+chronos2_dev,geo,467.3834576291037
lgbm+chronos2_dev+panel_blend_sesseas_bytype,mean,467.6946999043602
lgbm+chronos2_dev+panel_blend_sesseas_bytype,geo,467.9411442310224
panel_blend_ses_bytype+chronos2_dev+panel_blend_sesseas_bytype,mean,468.08857350059264
panel_blend_ses_bytype+chronos2_dev+panel_blend_sesseas_bytype,median,468.2045763806164
panel_blend_ses_bytype+chronos2_dev+panel_blend_sesseas_bytype,geo,468.3496057861795
lgbm+chronos2_dev,median,468.89278467228746
lgbm+chronos2_dev,mean,468.89278467228746
lgbm+chronos2_dev,geo,469.01894689699253
panel_blend_ses_bytype+chronos2_dev,median,470.0564771353573
panel_blend_ses_bytype+chronos2_dev,mean,470.0564771353573
panel_blend_ses_bytype+chronos2_dev,geo,470.18843931065624
chronos2_dev+panel_blend_sesseas_bytype,median,472.78897633907343
chronos2_dev+panel_blend_sesseas_bytype,mean,472.78897633907343
chronos2_dev+panel_blend_sesseas_bytype,geo,473.0370496763097
chronos2_dev,single,479.19538778866905
