против,окно,H,MAE,MAE_ref,gain_pct,share_series_better,wilcoxon_p,boot_ci_low,boot_ci_high,target_months
ensemble,отчёт,1,300.9751730327561,300.9751730327561,0.0,0.0,1.0,0.0,0.0,6
ensemble,отчёт,3,412.1826813163284,412.1826813163284,0.0,0.0,1.0,0.0,0.0,6
ensemble,отчёт,6,490.023656448465,535.8432084553789,8.550925211685211,0.5205853174603174,4.007473422235076e-121,-86.1939136861,-8.706164351187748,6
ensemble,все точки,1,325.4579350573512,325.4579350573512,0.0,0.0,1.0,0.0,0.0,12
ensemble,все точки,3,414.4015964770062,414.4015964770062,0.0,0.0,1.0,0.0,0.0,12
ensemble,все точки,6,492.0879553879797,506.45420946370365,2.8366343506033287,0.5302579365079365,1.7080128261029745e-108,-34.66241426976504,-0.30799300815162356,12
ensemble,все точки,12,467.3845127177477,467.3845127177477,0.0,0.0,1.0,0.0,0.0,12
prophet_default,отчёт,1,300.9751730327561,640.4496395652092,53.00564565278181,0.9064980158730159,0.0,-638.973049094737,-142.98372725942946,6
prophet_default,отчёт,3,412.1826813163284,624.9869753468251,34.049396615410245,0.8500330687830688,0.0,-406.9456736593788,-119.20626549873786,6
prophet_default,отчёт,6,490.023656448465,656.7215505528228,25.38334457945425,0.6769179894179894,0.0,-336.25136844921064,-46.411609187094186,6
prophet_default,все точки,1,325.4579350573512,599.4902271597645,45.710885630398025,0.9457671957671958,0.0,-461.2489937892399,-119.44003122802415,12
prophet_default,все точки,3,414.4015964770062,566.1985812112418,26.809849012603237,0.8615244708994709,0.0,-256.3059381282047,-65.13481979624054,12
prophet_default,все точки,6,492.0879553879797,592.5154860289099,16.949351199916173,0.7440476190476191,0.0,-169.71590569404364,-49.16787402168718,12
prophet_default,все точки,12,467.3845127177477,894.297100954732,47.73722153199667,0.8120866402116402,0.0,-567.1192590115869,-281.7310477798201,12
ensemble_signals,отчёт,1,300.9751730327561,277.27680640172093,-8.546826162120746,0.4365079365079365,6.785494163214416e-34,-27.552423286918664,79.67954475341554,6
ensemble_signals,отчёт,3,412.1826813163284,374.0314621764784,-10.200002672996856,0.2683531746031746,0.0,17.244096308430837,57.472922422018996,6
ensemble_signals,отчёт,6,490.023656448465,489.9751961688625,-0.009890353630415127,0.5229001322751323,1.8166938517850653e-07,-1.0222407103107245,1.2707511454918126,6
ensemble_signals,все точки,1,325.4579350573512,299.213924894311,-8.770985565698597,0.4010416666666667,5.241831084863684e-150,-23.702526804071187,74.03313887769457,12
ensemble_signals,все точки,3,414.4015964770062,388.5717052358131,-6.647393748218922,0.2429728835978836,0.0,3.4094186727555886,48.09056684145869,12
ensemble_signals,все точки,6,492.0879553879797,484.53145850142704,-1.5595472190647053,0.30687830687830686,0.0,-4.5827394316032235,25.610630957995593,12
ensemble_signals,все точки,12,467.3845127177477,459.2684460654717,-1.7671727116909342,0.37533068783068785,4.389913242372797e-304,-3.9754707653404013,29.189247226793547,12
