model,H,origins,MAE,RMSE,WAPE,R2,R2_growth,n
ar1,1,12,724.1446594800373,1646.2774816212898,8.281163894279622,0.980012660404007,-0.14233142767713347,145152
ar1,3,10,770.0102963416144,1590.2334489255961,8.803310716337156,0.9812617165899894,-0.20009084743096284,362880
ar1,6,7,916.2115608325466,1813.2802618161838,10.435678191328677,0.97581662060934,-0.4406832636925371,508032
ar1,12,1,2547.5134834524983,4652.705655481377,29.1328209124753,0.8403532532350108,-2.0850494022335893,145152
chronos2_cov,1,12,452.9152199871036,922.254031579698,5.179441866795002,0.9937273646584539,0.2576311331429728,145152
chronos2_cov,3,10,520.117598802687,1011.8766484137992,5.946357929302134,0.9924131205745544,0.23623834088388862,362880
chronos2_cov,6,7,617.2130530987054,1187.992508376075,7.030075883099185,0.9896195895840437,0.12941953580645316,508032
chronos2_cov,12,1,728.655504198827,1363.3937969479853,8.332748952498191,0.9862914492758306,0.17721596156980912,145152
chronos2_dev,1,12,325.0320210335964,624.1991870176383,3.716996876012112,0.9971266051222927,0.43446964967157,145152
chronos2_dev,3,10,415.2661516273459,783.4083209170085,4.7476208826320025,0.995452377620575,0.3458501011104368,362880
chronos2_dev,6,7,514.1960464163062,958.1391664990434,5.8567089709914715,0.9932478153879543,0.2204045652885599,508032
chronos2_dev,12,1,496.1915413952809,874.7405061063092,5.674340649284079,0.9943570345519808,0.385500668879324,145152
chronos2_raw,1,12,659.5488439565245,1339.4118261550393,7.542459923695956,0.9867694720625678,0.034199863469347,145152
chronos2_raw,3,10,728.3455497169306,1375.4307225300015,8.32696940999724,0.9859820186931474,-0.03787998748097987,362880
chronos2_raw,6,7,923.1175022011862,1696.547105090342,10.514337078437476,0.9788300922367144,-0.3685054713366285,508032
chronos2_raw,12,1,1093.9371061080926,2034.0426578549927,12.510031451754159,0.9694881156752716,-0.36525633639278055,145152
chronos2_raw_cl,1,12,647.9343218407356,1315.8459225964868,7.4096387256999,0.9872309380501346,0.07879734897106083,145152
chronos2_raw_cl,3,10,718.6615423744528,1354.7445955490589,8.216254883165378,0.9864005016323608,0.02753469575258516,362880
chronos2_raw_cl,6,7,909.1150800655353,1665.3553131567753,10.354849054542637,0.979601373088852,-0.27676272031575655,508032
chronos2_raw_cl,12,1,1084.8566612870657,2022.8418160662065,12.406189421282127,0.9698232294034702,-0.2507025512160548,145152
chronosbolt_dev,1,12,329.7767193716466,639.1827113651649,3.771256234348777,0.9969870012245968,0.41635068345703086,145152
chronosbolt_dev,3,10,420.043587254689,801.2114540227725,4.802239957798422,0.9952433375491594,0.3259680312499146,362880
chronosbolt_dev,6,7,520.7111046557214,988.8431935938697,5.930915687093723,0.992808127524289,0.18065203075545322,508032
chronosbolt_dev,12,1,507.0632858741346,906.9877176924062,5.798667600629356,0.9939333110601097,0.337438117254379,145152
chronosbolt_raw,1,12,712.2327956804576,1442.9974822813401,8.144942360199007,0.9846439307291653,-0.014863286241967755,145152
chronosbolt_raw,3,10,750.5803423168114,1420.2372636304094,8.5811735276565,0.9850538326207654,-0.04923955653416634,362880
chronosbolt_raw,6,7,934.5902788700378,1732.4590249616765,10.645012361740305,0.9779243721368172,-0.3410814015048138,508032
chronosbolt_raw,12,1,1091.7770941982562,2166.185317204589,12.485330016198734,0.9653948981803815,-0.5993640032762797,145152
ensemble,1,12,325.4579350573512,627.8990886024824,3.721867537957087,0.997092440430631,0.44080408513795477,145152
ensemble,3,10,414.4015964770062,787.1349527638623,4.737736667244221,0.9954090091174048,0.3584345167434102,362880
ensemble,6,7,506.45420946370365,943.737284874868,5.768529207167401,0.9934492753087925,0.25467444454914157,508032
ensemble,12,1,467.3845127177477,819.8770762446745,5.344909612732407,0.9950426862858012,0.44957797713559244,145152
ensemble_signals,1,12,299.213924894311,569.5392625597631,3.421746634546257,0.9976078067918118,0.46361717997616325,145152
ensemble_signals,3,10,388.5717052358131,742.6732659423799,4.4424307999775605,0.9959130096088981,0.3773260896799079,362880
ensemble_signals,6,7,484.53145850142704,917.8776255784487,5.5188283914485154,0.9938033539813034,0.19932665342477063,508032
ensemble_signals,12,1,459.2684460654717,799.7464728349803,5.25209600533433,0.9952831335231319,0.4525335785599537,145152
ensemble_strict,1,12,325.4579350573512,627.8990886024824,3.721867537957087,0.997092440430631,0.44080408513795477,145152
ensemble_strict,3,10,414.4015964770062,787.1349527638623,4.737736667244221,0.9954090091174048,0.3584345167434102,362880
ensemble_strict,6,7,492.0879553879797,930.5504821932968,5.604897126152304,0.9936310623409063,0.19227806442703765,508032
ensemble_strict,12,1,467.3845127177477,819.8770762446745,5.344909612732407,0.9950426862858012,0.44957797713559244,145152
factor_only,1,12,388.62081953634174,751.6701576913234,4.444184814703349,0.9958331915818681,0.16654772739557822,145152
factor_only,3,10,478.48365794442185,930.3580592523458,5.470368816608103,0.9935863053010532,0.13701462984241142,362880
factor_only,6,7,561.670052728224,1089.4672172956834,6.397439380324112,0.9912699756687767,0.1001987303501427,508032
factor_only,12,1,596.1551826075051,1008.588893114848,6.817503531879658,0.9924979962243669,0.12004573562176013,145152
factor_only_bytype,1,12,368.3117822302814,712.4134281024368,4.211934995188992,0.9962570578966375,0.1390205403244974,145152
factor_only_bytype,3,10,446.92164481651434,867.3396064820791,5.109529215218131,0.9944257506468798,0.10050115300387119,362880
factor_only_bytype,6,7,517.5968086505831,1005.0301511841845,5.8954437586751025,0.9925707443585495,0.04887987110693026,508032
factor_only_bytype,12,1,600.5454958692108,1025.4150496161212,6.867710218059625,0.9922455983864874,0.07676848234712452,145152
lgbm,1,12,329.64916358749235,649.2183855900196,3.7697975336038145,0.9968916455469777,0.43066019509972187,145152
lgbm,3,10,418.7060386681742,802.9397568396262,4.786948141752285,0.9952227941087743,0.3442015243079165,362880
lgbm,6,7,509.0230766175334,954.7072714142282,5.797788683995309,0.9932960991643677,0.24516315270103173,508032
lgbm,12,1,469.8441477859739,829.6115221124497,5.373037474829359,0.9949242705362876,0.4455382580393722,145152
naive,1,12,675.2611607142857,1495.0722169895337,7.722142627319406,0.9835155956864217,-0.009866585363861757,145152
naive,3,10,718.0473352072311,1473.9024755817136,8.20923282571635,0.9839029782262354,-0.038948306876577465,362880
naive,6,7,807.5462116559587,1593.6852092123022,9.197976482429924,0.9813193404779718,-0.13533567404620372,508032
naive,12,1,936.1479690255732,1729.9031522000046,10.705588530286589,0.9779304999030924,-0.0019243899598695435,145152
panel_blend_ses,1,12,346.4860337317807,669.226657742987,3.9623403899326455,0.9966971003408052,0.42040704996436473,145152
panel_blend_ses,3,10,437.2865520825759,840.2401615279242,4.999373915320749,0.9947686363926099,0.34618556423531666,362880
panel_blend_ses,6,7,527.7599325474957,999.13162113153,6.0112020561478055,0.9926576931783427,0.2559622128012494,508032
panel_blend_ses,12,1,469.2433065094046,836.1640163851655,5.366166382126292,0.99484377495403,0.4542370906298232,145152
panel_blend_ses_bytype,1,12,335.4960419254634,652.5289456343487,3.8366611873679917,0.9968598638501134,0.4162514738132377,145152
panel_blend_ses_bytype,3,10,424.11333790938573,815.7587667336273,4.848768270109999,0.9950690393776209,0.3373911773380268,362880
panel_blend_ses_bytype,6,7,512.4349143526216,964.3714813917163,5.8366496219778625,0.9931596891434582,0.23735771903730452,508032
panel_blend_ses_bytype,12,1,469.8441477859739,829.6115221124497,5.373037474829359,0.9949242705362876,0.4455382580393722,145152
panel_blend_sesseas,1,12,361.8594292165772,692.5763443760012,4.138147262157031,0.9964625995781157,0.34638815693400227,145152
panel_blend_sesseas,3,10,445.69848834095666,838.3821451231784,5.095545211938963,0.9947917469579262,0.3298888487541899,362880
panel_blend_sesseas,6,7,529.8034784727614,968.2215252871124,6.0344781078338325,0.9931049632065263,0.27086844376699837,508032
panel_blend_sesseas,12,1,468.5251946371099,817.2323925338483,5.357954207899708,0.9950746163929981,0.43805072365347164,145152
panel_blend_sesseas_bytype,1,12,342.94518222957896,651.8130893328505,3.9218479672776287,0.9968667498380674,0.34673159395120123,145152
panel_blend_sesseas_bytype,3,10,423.5855229469404,792.0243390587706,4.8427339103914155,0.9953517969598692,0.32395841992012764,362880
panel_blend_sesseas_bytype,6,7,508.7809207859067,922.6608666041196,5.795030521536942,0.9937386018167402,0.2573462283987744,508032
panel_blend_sesseas_bytype,12,1,470.7976220138361,813.0240385509056,5.383941202760693,0.9951252124998452,0.43371663207297917,145152
panel_national_ses,1,12,389.0309126156468,753.3823803338327,4.44887455170158,0.9958141868908926,0.3172171121694072,145152
panel_national_ses,3,10,533.1286672502947,1007.0886200772485,6.095109808127668,0.9924847503508604,0.15309749186605648,362880
panel_national_ses,6,7,642.0503538839619,1179.9391509022146,7.3129735120055965,0.989759849399147,0.07258969713865215,508032
panel_national_ses,12,1,550.1224779365551,936.7492806028624,6.291083338225496,0.993528638626821,0.3489261440061445,145152
panel_national_ses_bytype,1,12,381.23686917938875,734.5738567964149,4.359743533127016,0.9960205793278509,0.3237449738226015,145152
panel_national_ses_bytype,3,10,525.1630568400382,987.0998584250096,6.004041229148994,0.9927801160961843,0.1549768791031494,362880
panel_national_ses_bytype,6,7,638.5159095156816,1166.9423183453478,7.272716080655344,0.9899841940921589,0.07267677888467494,508032
panel_national_ses_bytype,12,1,550.923671770296,945.1562976924171,6.300245620045068,0.9934119607075569,0.3579990573663884,145152
panel_national_sesseas,1,12,403.39865058815946,787.9190189624647,4.613180939082627,0.995421617390778,0.23446492996411727,145152
panel_national_sesseas,3,10,543.5226597604691,1028.233885007069,6.213941395296149,0.9921658504380929,0.1300680791276777,362880
panel_national_sesseas,6,7,644.9686353112454,1171.5236358881314,7.346212828282277,0.9899053972946323,0.08430965021265191,508032
panel_national_sesseas,12,1,561.2274844380977,956.8746034033694,6.418077824316641,0.9932475873947618,0.32843517698970925,145152
panel_national_sesseas_bytype,1,12,388.60103825675753,738.1281157425735,4.443958600208593,0.9959819770573574,0.25010343526011414,145152
panel_national_sesseas_bytype,3,10,524.8399854721339,974.5874854871786,6.000347645246641,0.9929619929803144,0.13719773699589388,362880
panel_national_sesseas_bytype,6,7,636.0811328244766,1141.7885954971448,7.244983898369763,0.9904113266834903,0.09104109363463109,508032
panel_national_sesseas_bytype,12,1,559.3661098470697,948.5073920060295,6.396791541451533,0.9933651615087055,0.3421716231757318,145152
panel_panel_ses,1,12,386.9813619653631,747.2034382147464,4.425436327553365,0.9958825660696629,0.20517245799101136,145152
panel_panel_ses,3,10,475.54620354099745,915.9189790249628,5.436785728237366,0.9937838404721396,0.19031317902912215,362880
panel_panel_ses,6,7,552.4451370202489,1061.8557765495066,6.292367303321413,0.9917068754310672,0.16203508114819443,508032
panel_panel_ses,12,1,578.0376674902016,973.9824973321046,6.610315492750557,0.9930039771218118,0.20564318388568947,145152
panel_panel_ses_bytype,1,12,364.02519615399734,700.746124262597,4.162914510980583,0.9963786514701901,0.18284625568484203,145152
panel_panel_ses_bytype,3,10,439.65627875692223,843.9135880852049,5.026466332560074,0.9947227946484686,0.15832181727006656,362880
panel_panel_ses_bytype,6,7,505.4576851411329,972.5515689608438,5.757178764120458,0.9930431538588116,0.11603194777253922,508032
panel_panel_ses_bytype,12,1,569.6832224975878,959.9998585974785,6.514775841489088,0.9932034071545411,0.17326384985870025,145152
panel_panel_sesseas,1,12,400.83479188800925,752.2695198053777,4.583861197757788,0.9958265439245991,0.13988685413557655,145152
panel_panel_sesseas,3,10,473.446390105215,885.417033134282,5.4127791529884925,0.9941909678543076,0.1807491608052475,362880
panel_panel_sesseas,6,7,545.7812989838748,1011.7881147449464,6.216465980701618,0.9924704977399051,0.18012759000569278,508032
panel_panel_sesseas,12,1,562.1417881740748,914.8942192701684,6.4285336068563,0.993827079512647,0.19376141694942184,145152
panel_panel_sesseas_bytype,1,12,371.43347943950664,694.6225142215139,4.247634058738631,0.9964416666819691,0.1174480345232567,145152
panel_panel_sesseas_bytype,3,10,437.0152735564109,810.8240273457193,4.9962724643819145,0.9951285162921614,0.14923544454152393,362880
panel_panel_sesseas_bytype,6,7,497.9125893950768,919.0801999630762,5.671239888761741,0.993787106043222,0.13764465174552265,508032
panel_panel_sesseas_bytype,12,1,558.8453393294359,924.9532744436586,6.390836120871713,0.9936905935674734,0.16544803211657078,145152
prophet_default,1,12,599.4902271597646,1191.657124595408,6.855642390145651,0.9895274716771723,-3.5678815839816993,145152
prophet_default,3,10,566.1985812112418,1065.553284130317,6.473188814790191,0.9915868549071397,-2.647863153364566,362880
prophet_default,6,7,592.5154860289098,1103.2277360668859,6.748769825560527,0.9910480537774298,-6.1021402591294285,508032
prophet_default,12,1,894.297100954732,1708.5142746831555,10.226990928170235,0.978472869714705,-28.348541832557743,145152
prophet_yearly3_mult,1,12,728.283640538563,1913.754622722768,8.328496398983285,0.9729901967040465,-7.347877356169278,145152
prophet_yearly3_mult,3,10,749.9979104899129,2004.2494805267363,8.574514748718567,0.9702346088304672,-8.079365307067429,362880
prophet_yearly3_mult,6,7,850.9225134356548,2151.1789844458226,9.69203390961578,0.9659638668576925,-15.707263911907727,508032
prophet_yearly3_mult,12,1,2616.078420705266,4689.545267999139,29.9169149126974,0.8378151136802028,-107.85277813520545,145152
snaive,1,12,1266.0694168871253,2119.388881532734,14.478499848781038,0.9668739068172788,-3.5479031470155826,145152
snaive,3,10,1298.0663635361552,2152.903800277048,14.84042691757064,0.9656554932380766,-2.381886250058278,362880
snaive,6,7,1322.7537871630134,2182.2405018075883,15.066206801244848,0.9649738547178186,-1.6067186229243844,508032
snaive,12,1,1266.0694168871253,2119.388881532734,14.478499848781038,0.9668739068172788,-0.7811527014033139,145152
snaive_growth,1,12,381.45712292994585,708.7895914563745,4.362262308046938,0.9962950395311083,-0.2350760358128663,145152
snaive_growth,3,10,457.17141562889583,833.0570216222458,5.226711956359824,0.9948576990071282,-0.20501788365804008,362880
snaive_growth,6,7,531.6206662875791,965.4448100029097,6.055175933597358,0.9931444543771933,-0.24048675229761596,508032
snaive_growth,12,1,561.4521081300979,942.5406766174738,6.42064657295497,0.9934483736708667,0.005951442642367355,145152
