model,H,MAE,MAE_ref,gain_pct,share_series_better,wilcoxon_p,boot_ci_low,boot_ci_high,target_months
ar1,1,724.1446594800373,599.4902271597646,-20.793405242126184,0.4638723544973545,1.7836503084686524e-211,-64.07701751777664,334.19706968731896,12
ar1,3,770.0102963416144,566.1985812112418,-35.996507567074396,0.242228835978836,0.0,47.95207453094297,394.0723227952442,12
ar1,6,916.2115608325466,592.5154860289098,-54.630821039476295,0.1857638888888889,0.0,192.51758745918912,466.98191521601433,12
ar1,12,2547.5134834524983,894.297100954732,-184.86209792392586,0.23983134920634921,0.0,1303.368991847305,2015.5376646095624,12
chronos2_cov,1,452.9152199871036,599.4902271597646,24.449941055269043,0.884755291005291,0.0,-290.2720203143761,-36.970057247590155,12
chronos2_cov,3,520.117598802687,566.1985812112418,8.138660875831938,0.7284226190476191,0.0,-138.15709117126454,54.518304162578666,12
chronos2_cov,6,617.2130530987054,592.5154860289098,-4.1682568054585145,0.5197585978835979,1.1293043871701846e-13,-37.51117265077332,79.06820236438847,12
chronos2_cov,12,728.655504198827,894.297100954732,18.521987444560605,0.6650132275132276,8.270879511894859e-282,-290.97891918849115,-40.043307783676724,12
chronos2_dev,1,325.0320210335964,599.4902271597646,45.78193166325377,0.9370039682539683,0.0,-459.29894782850255,-118.00809806744421,12
chronos2_dev,3,415.2661516273459,566.1985812112418,26.65715432578678,0.8501984126984127,0.0,-257.936154049968,-60.36680874647972,12
chronos2_dev,6,514.1960464163062,592.5154860289098,13.218125341753895,0.7272652116402116,0.0,-144.72663484204097,-28.047591231026285,12
chronos2_dev,12,496.1915413952809,894.297100954732,44.51602930775939,0.7652116402116402,0.0,-543.9143385075008,-248.20616702051893,12
chronos2_raw,1,659.5488439565245,599.4902271597646,-10.01828121223971,0.5049603174603174,3.153468282809815e-97,-26.620034330813304,159.4621985466773,12
chronos2_raw,3,728.3455497169306,566.1985812112418,-28.637826707162596,0.3308531746031746,0.0,28.10027896669732,299.8972681709291,12
chronos2_raw,6,923.1175022011862,592.5154860289098,-55.79635030098535,0.24702380952380953,0.0,188.50489098702562,438.40820593678245,12
chronos2_raw,12,1093.9371061080926,894.297100954732,-22.323677996968726,0.36078042328042326,0.0,-80.15119140502121,586.3288782808289,12
chronos2_raw_cl,1,647.9343218407356,599.4902271597646,-8.080881469992773,0.5271164021164021,9.197600716016461e-62,-37.668856687993845,145.4722209555416,12
chronos2_raw_cl,3,718.6615423744528,566.1985812112418,-26.927471424787775,0.3635085978835979,0.0,21.3412647664837,289.55111057399546,12
chronos2_raw_cl,6,909.1150800655353,592.5154860289098,-53.43313407021704,0.27819113756613756,0.0,178.3489512805255,421.1445308633008,12
chronos2_raw_cl,12,1084.8566612870657,894.297100954732,-21.308305721767027,0.36400462962962965,0.0,-92.39250858499362,579.2835361602896,12
chronosbolt_dev,1,329.7767193716466,599.4902271597646,44.990476169387016,0.9348544973544973,0.0,-453.59853867978984,-115.50746970767267,12
chronosbolt_dev,3,420.043587254689,566.1985812112418,25.81338046518774,0.8481316137566137,0.0,-250.19385937334167,-56.60043057025596,12
chronosbolt_dev,6,520.7111046557214,592.5154860289098,12.11856619215601,0.7144510582010583,0.0,-137.8118072260038,-24.537598064716132,12
chronosbolt_dev,12,507.0632858741346,894.297100954732,43.30035450939012,0.7533895502645502,0.0,-534.5194078916525,-236.54245673147383,12
chronosbolt_raw,1,712.2327956804576,599.4902271597646,-18.8064064121344,0.4755291005291005,1.4455176900484214e-218,9.69859566149735,215.51863554319087,12
chronosbolt_raw,3,750.5803423168114,566.1985812112418,-32.564857494190534,0.33556547619047616,0.0,49.34101507563968,316.29691039838406,12
chronosbolt_raw,6,934.5902788700378,592.5154860289098,-57.7326333078217,0.2663690476190476,0.0,198.25421355982144,466.37078389839195,12
chronosbolt_raw,12,1091.7770941982562,894.297100954732,-22.082146194223263,0.37607473544973546,2.6101930630462965e-296,-98.54550562284408,636.4203056654292,12
ensemble,1,325.4579350573512,599.4902271597645,45.710885630398025,0.9457671957671958,0.0,-461.2489937892399,-119.44003122802415,12
ensemble,3,414.4015964770062,566.1985812112418,26.809849012603237,0.8615244708994709,0.0,-256.3059381282047,-65.13481979624054,12
ensemble,6,506.45420946370365,592.5154860289099,14.524730339454306,0.7473544973544973,0.0,-149.06291087223644,-36.951952035047185,12
ensemble,12,467.3845127177477,894.297100954732,47.73722153199667,0.8120866402116402,0.0,-567.1192590115869,-281.7310477798201,12
ensemble_signals,1,299.213924894311,599.4902271597645,50.08860672976903,0.9447751322751323,0.0,-498.5268866136694,-137.81261421787394,12
ensemble_signals,3,388.5717052358131,566.1985812112418,31.371833464407484,0.8782242063492064,0.0,-286.47346410714476,-96.31385171262068,12
ensemble_signals,6,484.53145850142704,592.5154860289099,18.22467599137385,0.7528935185185185,0.0,-186.05660846736214,-59.792228254709755,12
ensemble_signals,12,459.2684460654717,894.297100954732,48.64475736585002,0.8101025132275133,0.0,-589.5784032040779,-280.8911736758532,12
ensemble_strict,1,325.4579350573512,599.4902271597645,45.710885630398025,0.9457671957671958,0.0,-461.2489937892399,-119.44003122802415,12
ensemble_strict,3,414.4015964770062,566.1985812112418,26.809849012603237,0.8615244708994709,0.0,-256.3059381282047,-65.13481979624054,12
ensemble_strict,6,492.0879553879797,592.5154860289099,16.949351199916173,0.7440476190476191,0.0,-169.71590569404364,-49.16787402168718,12
ensemble_strict,12,467.3845127177477,894.297100954732,47.73722153199667,0.8120866402116402,0.0,-567.1192590115869,-281.7310477798201,12
factor_only,1,388.62081953634174,599.4902271597646,35.17478652195376,0.7979497354497355,0.0,-384.7673412220541,-48.16324430300475,12
factor_only,3,478.48365794442185,566.1985812112418,15.491900929736635,0.6429398148148148,0.0,-222.38182245386352,51.51493500303377,12
factor_only,6,561.670052728224,592.5154860289098,5.205844240023916,0.5519179894179894,1.028736272156381e-47,-120.09992625412072,53.37770433679133,12
factor_only,12,596.1551826075051,894.297100954732,33.3381286855271,0.6607969576719577,0.0,-453.84154830411586,-133.91980753249297,12
factor_only_bytype,1,368.3117822302814,599.4902271597646,38.56250435052947,0.8077050264550265,0.0,-402.14549811737066,-80.012933802457,12
factor_only_bytype,3,446.92164481651434,566.1985812112418,21.066272568109234,0.6806382275132276,0.0,-229.98586982610124,-6.19848244656596,12
factor_only_bytype,6,517.5968086505831,592.5154860289098,12.64417203344983,0.6321924603174603,3.8810870140765715e-239,-147.85333020197314,-3.085875703555041,12
factor_only_bytype,12,600.5454958692108,894.297100954732,32.847205338351024,0.6905588624338624,0.0,-441.9586253334298,-138.89503606342817,12
lgbm,1,329.64916358749235,599.4902271597646,45.01175354445927,0.9460978835978836,0.0,-453.104232239651,-117.96904718665769,12
lgbm,3,418.7060386681742,566.1985812112418,26.049613587434962,0.8512731481481481,0.0,-249.41563893106712,-64.4436024884937,12
lgbm,6,509.0230766175334,592.5154860289098,14.091177594521586,0.7425595238095238,0.0,-144.78645397565458,-34.773451024721105,12
lgbm,12,469.8441477859739,894.297100954732,47.462185968804036,0.8099371693121693,0.0,-563.77117304086,-279.56154659930047,12
naive,1,675.2611607142857,599.4902271597646,-12.639227483908266,0.5037202380952381,1.1328697184781096e-101,-51.451922566778094,231.3914716593285,12
naive,3,718.0473352072311,566.1985812112418,-26.818992317350276,0.3213458994708995,0.0,32.782506138300725,306.2688142200612,12
naive,6,807.5462116559587,592.5154860289098,-36.291157057886124,0.2552910052910053,0.0,116.68003350590135,319.5941930087162,12
naive,12,936.1479690255732,894.297100954732,-4.67974994285032,0.44246031746031744,2.941110126823696e-57,-164.3262188480041,262.0170394570313,12
panel_blend_ses,1,346.4860337317807,599.4902271597646,42.2032223321896,0.9362599206349206,0.0,-437.17377086218454,-97.18428333577486,12
panel_blend_ses,3,437.2865520825759,566.1985812112418,22.767988724537346,0.8252314814814815,0.0,-238.6672302214005,-37.15255811702954,12
panel_blend_ses,6,527.7599325474957,592.5154860289098,10.928921692057603,0.6825396825396826,0.0,-131.67481700429678,-15.638231877048613,12
panel_blend_ses,12,469.2433065094046,894.297100954732,47.52937183756374,0.8308531746031746,0.0,-560.6935365377304,-284.1913993858501,12
panel_blend_ses_bytype,1,335.4960419254634,599.4902271597646,44.03644517860448,0.9398974867724867,0.0,-452.15438105089385,-112.39185445023631,12
panel_blend_ses_bytype,3,424.11333790938573,566.1985812112418,25.09459543291328,0.8533399470899471,0.0,-244.2147253635904,-57.15347803004525,12
panel_blend_ses_bytype,6,512.4349143526216,592.5154860289098,13.515355052235867,0.7391699735449735,0.0,-142.03479108400424,-32.82308243783529,12
panel_blend_ses_bytype,12,469.8441477859739,894.297100954732,47.462185968804036,0.8099371693121693,0.0,-563.77117304086,-279.56154659930047,12
panel_blend_sesseas,1,361.8594292165772,599.4902271597646,39.63881097261967,0.8976521164021164,0.0,-433.9692192395216,-69.81609324583846,12
panel_blend_sesseas,3,445.69848834095666,566.1985812112418,21.282302158459142,0.7732308201058201,0.0,-236.62284719324478,-24.80297715263556,12
panel_blend_sesseas,6,529.8034784727614,592.5154860289098,10.584028440581307,0.6741898148148148,4.8459509085193614e-273,-132.1640830448884,-9.155605870482518,12
panel_blend_sesseas,12,468.5251946371099,894.297100954732,47.60967086475818,0.8391203703703703,0.0,-559.1005687613404,-288.4326974265955,12
panel_blend_sesseas_bytype,1,342.94518222957896,599.4902271597646,42.793866072785235,0.8970734126984127,0.0,-446.6633081150235,-94.43388999851403,12
panel_blend_sesseas_bytype,3,423.5855229469404,566.1985812112418,25.18781625330394,0.8269675925925926,0.0,-249.68469120263717,-54.575670592281,12
panel_blend_sesseas_bytype,6,508.7809207859067,592.5154860289098,14.13204670888848,0.7391699735449735,0.0,-150.31227782550337,-32.48468811154204,12
panel_blend_sesseas_bytype,12,470.7976220138361,894.297100954732,47.35556880244576,0.8178736772486772,0.0,-561.9173621100572,-280.86736737164836,12
panel_national_ses,1,389.0309126156468,599.4902271597646,35.10637955538017,0.8870701058201058,0.0,-414.5788192044798,-25.256854254920086,12
panel_national_ses,3,533.1286672502947,566.1985812112418,5.840691774642426,0.5436507936507936,6.248759000416282e-94,-144.51600543710583,52.83889410999278,12
panel_national_ses,6,642.0503538839619,592.5154860289098,-8.360096743975266,0.34755291005291006,1.4365339054919747e-276,-30.51909570282313,126.99876214091101,12
panel_national_ses,12,550.1224779365551,894.297100954732,38.48549018561545,0.6827876984126984,0.0,-504.5174784464069,-182.0932472249057,12
panel_national_ses_bytype,1,381.23686917938875,599.4902271597646,36.40649139760057,0.8884755291005291,0.0,-419.5958744786328,-38.06380256267348,12
panel_national_ses_bytype,3,525.1630568400382,566.1985812112418,7.247549840802902,0.5443948412698413,1.571195010494285e-121,-150.93028816809326,43.546661050130275,12
panel_national_ses_bytype,6,638.5159095156816,592.5154860289098,-7.763581639877581,0.34780092592592593,2.0519578725107718e-258,-38.704860104520534,129.1306087696385,12
panel_national_ses_bytype,12,550.923671770296,894.297100954732,38.39590096153258,0.6860945767195767,0.0,-517.7128244934553,-172.19897261992514,12
panel_national_sesseas,1,403.39865058815946,599.4902271597646,32.70972030697451,0.8062996031746031,0.0,-407.78886708096917,1.0585378468894286,12
panel_national_sesseas,3,543.5226597604691,566.1985812112418,4.004941411591534,0.5192625661375662,5.85983451737308e-31,-140.99076269390997,78.70532270747206,12
panel_national_sesseas,6,644.9686353112454,592.5154860289098,-8.852620820745315,0.35011574074074076,3.2657339340629766e-265,-38.2314829220917,142.44810429636127,12
panel_national_sesseas,12,561.2274844380977,894.297100954732,37.24373210659595,0.6978339947089947,0.0,-491.0933058050585,-168.92322826959386,12
panel_national_sesseas_bytype,1,388.60103825675753,599.4902271597646,35.1780862053661,0.8276289682539683,0.0,-418.8117278790702,-26.999036322154602,12
panel_national_sesseas_bytype,3,524.8399854721339,566.1985812112418,7.304609568365827,0.5363756613756614,2.1658854960580313e-86,-156.7004982645222,50.461549734443466,12
panel_national_sesseas_bytype,6,636.0811328244766,592.5154860289098,-7.352659605160294,0.35226521164021163,5.2372459529960484e-242,-45.14863694690856,131.91657024902966,12
panel_national_sesseas_bytype,12,559.3661098470697,894.297100954732,37.451870385143515,0.6917989417989417,0.0,-509.79921765780176,-162.02509667844905,12
panel_panel_ses,1,386.9813619653631,599.4902271597646,35.44826180089967,0.8178736772486772,0.0,-390.2174369479027,-46.68805977085608,12
panel_panel_ses,3,475.54620354099745,566.1985812112418,16.010703784583146,0.6797288359788359,0.0,-224.8757586667844,47.5584373134669,12
panel_panel_ses,6,552.4451370202489,592.5154860289098,6.762751346334561,0.5815972222222222,6.898630758818288e-90,-128.61426607202014,40.844221341188685,12
panel_panel_ses,12,578.0376674902016,894.297100954732,35.364023111212006,0.6842757936507936,0.0,-479.67908147775256,-144.20526419645287,12
panel_panel_ses_bytype,1,364.02519615399734,599.4902271597646,39.277542875276204,0.8415178571428571,0.0,-408.40922947054975,-82.89779884837888,12
panel_panel_ses_bytype,3,439.65627875692223,566.1985812112418,22.349455942403395,0.7175925925925926,0.0,-238.51740671879438,-12.135114780649392,12
panel_panel_ses_bytype,6,505.4576851411329,592.5154860289098,14.69291570271788,0.658316798941799,0.0,-159.74268283381872,-15.509751124665822,12
panel_panel_ses_bytype,12,569.6832224975878,894.297100954732,36.29821433062832,0.720816798941799,0.0,-474.62865343305117,-169.62549952320762,12
panel_panel_sesseas,1,400.83479188800925,599.4902271597646,33.13739345058806,0.7841435185185185,0.0,-386.3644324831597,-25.245399971791027,12
panel_panel_sesseas,3,473.446390105215,566.1985812112418,16.381565440804614,0.6545965608465608,0.0,-230.7527157327787,50.31355637354995,12
panel_panel_sesseas,6,545.7812989838748,592.5154860289098,7.887420353896834,0.5837466931216931,2.582635331112475e-103,-136.3705292044206,37.644410416536566,12
panel_panel_sesseas,12,562.1417881740748,894.297100954732,37.141494971420066,0.7063492063492064,0.0,-476.6998252929728,-179.67652872149225,12
panel_panel_sesseas_bytype,1,371.43347943950664,599.4902271597646,38.04177906297722,0.8080357142857143,0.0,-408.88060585476376,-68.22657812126064,12
panel_panel_sesseas_bytype,3,437.0152735564109,566.1985812112418,22.81590098273917,0.7074239417989417,0.0,-244.00154686723565,-12.122504393495031,12
panel_panel_sesseas_bytype,6,497.9125893950768,592.5154860289098,15.966316301345952,0.6673280423280423,0.0,-170.10145844535737,-20.488290124534583,12
panel_panel_sesseas_bytype,12,558.8453393294359,894.297100954732,37.510102768663245,0.7376818783068783,0.0,-475.9497753658331,-191.12012380993818,12
prophet_yearly3_mult,1,728.283640538563,599.4902271597646,-21.483822011409504,0.38425925925925924,0.0,-133.84202540963685,532.9356732288899,12
prophet_yearly3_mult,3,749.9979104899129,566.1985812112418,-32.46199043548958,0.3586309523809524,0.0,-58.43061692980683,501.61149087418687,12
prophet_yearly3_mult,6,850.9225134356548,592.5154860289098,-43.61186053357209,0.35796957671957674,0.0,14.079467994424512,541.0295606157016,12
prophet_yearly3_mult,12,2616.078420705266,894.297100954732,-192.52900606659668,0.28621031746031744,0.0,1396.1369057599204,2047.0624007752303,12
snaive,1,1266.0694168871253,599.4902271597646,-111.19100187595166,0.14045965608465608,0.0,376.3678903245389,894.430113972066,12
snaive,3,1298.0663635361552,566.1985812112418,-129.25991102967149,0.21064814814814814,0.0,540.1922158058009,867.4872636256066,12
snaive,6,1322.7537871630134,592.5154860289098,-123.24374946353286,0.2511574074074074,0.0,573.3771082563154,830.37043050814,12
snaive,12,1266.0694168871253,894.297100954732,-41.57145489295417,0.35474537037037035,0.0,118.3267789503331,600.8798420489288,12
snaive_growth,1,381.45712292994585,599.4902271597646,36.36975122393659,0.7316468253968254,0.0,-392.7998638133341,-66.75471637719379,12
snaive_growth,3,457.17141562889583,566.1985812112418,19.25599413356165,0.642443783068783,0.0,-213.53321085574356,-8.871608477306014,12
snaive_growth,6,531.6206662875791,592.5154860289098,10.277338091102573,0.6203703703703703,2.9045178188888536e-181,-126.16725173772598,4.614139810775273,12
snaive_growth,12,561.4521081300979,894.297100954732,37.21861476116784,0.7101521164021164,0.0,-484.38830436948354,-170.17601492096153,12
