num_leaves,min_data_in_leaf,lambda_l2,MAE,MAE_base,pairs
31,300,10.0,464.1335810274728,466.59319045654047,181440
7,300,10.0,464.1553948045309,466.59319045654047,181440
7,300,1.0,464.3460806168376,466.59319045654047,181440
31,300,1.0,464.39402984730543,466.59319045654047,181440
15,300,1.0,464.5558442195733,466.59319045654047,181440
15,300,10.0,464.6035768266813,466.59319045654047,181440
15,1000,1.0,465.21812937693716,466.59319045654047,181440
7,1000,1.0,465.3920914734782,466.59319045654047,181440
7,1000,10.0,465.4606317522377,466.59319045654047,181440
31,1000,1.0,465.5121016010336,466.59319045654047,181440
15,1000,10.0,465.6164287543422,466.59319045654047,181440
31,1000,10.0,465.73992479139366,466.59319045654047,181440
7,3000,1.0,466.22947831172587,466.59319045654047,181440
7,3000,10.0,466.26404723656583,466.59319045654047,181440
31,3000,1.0,466.285118103335,466.59319045654047,181440
15,3000,1.0,466.285118103335,466.59319045654047,181440
15,3000,10.0,466.3297890537726,466.59319045654047,181440
31,3000,10.0,466.3297890537726,466.59319045654047,181440
