date,source,types,title,mo_names,regions,url
2024-03-06,interfax,fire,В СК возможной причиной пожара на ТЭЦ в Шагонаре назвали скопление угольных газов,Улуг-Хемский муниципальный район,['тыва'],https://www.interfax.ru/russia/949263
2022-12-15,lenta,fire,Появились кадры момента начала пожара на нефтезаводе в Ангарске,городской округ Ангарский,['иркутская'],https://lenta.ru/news/2022/12/15/neft/
2022-12-24,lenta,fire,В МЧС рассказали о попытках инспекции сгоревшего в Кемерово приюта,городской округ Кемеровский,['кемеровская'],https://lenta.ru/news/2022/12/24/mcc/
2023-07-05,interfax,disaster,Режим ЧС ввели в Ярославле после инцидента с теплоходом,городской округ город Ярославль,['ярославская'],https://www.interfax.ru/russia/910241
2023-11-16,interfax,emergency,Женщина погибла при обрушении части дома в Астрахани,городской округ город Астрахань,['астраханская'],https://www.interfax.ru/russia/930910
2023-10-30,interfax,fire,Три человека пострадали при пожаре на АЗС в Химках,городской округ Химки,['московская'],https://www.interfax.ru/moscow/928214
2024-04-11,lenta,disaster,Глава Минстроя раскритиковал ставшую причиной наводнения в Орске дамбу,городской округ город Орск,['оренбургская'],https://lenta.ru/news/2024/04/11/glava-minstroya-raskritikoval-stavshuyu-prichinoy-navodneniya-v-orske-dambu/
2024-03-14,interfax,attack,Система ПВО работает в Курске и Курском районе,Курский муниципальный округ,['ставропольский'],https://www.interfax.ru/russia/950300
2023-01-31,interfax,plant,"Завод литий-ионных батарей ""Росатома"" в Калининграде подорожал почти вдвое",городской округ город Калининград,['калининградская'],https://www.interfax.ru/business/883919
2024-02-24,interfax,attack,Минобороны заявило о поражении двух беспилотников над Курской и Тульской областями,Курский муниципальный округ,"['ставропольский', 'тульская']",https://www.interfax.ru/russia/947523
2024-07-30,interfax,emergency,Саратовский Энгельс остался без электричества после аварии,Энгельсский муниципальный район,['саратовская'],https://www.interfax.ru/russia/973085
2024-04-06,lenta,flood,Стало известно о гибели трех человек при прорыве дамбы в Орске,городской округ город Орск,['оренбургская'],https://lenta.ru/news/2024/04/06/stalo-izvestno-o-gibeli-treh-chelovek-pri-proryve-damby-v-orske/
2023-05-04,interfax,fire,Бочки с мазутом загорелись рядом с заводом на Ставрополье,городской округ город Ставрополь,['ставропольский'],https://www.interfax.ru/russia/900060
2024-04-06,lenta,flood,Вода в Урале начала приближаться к опасному уровню после прорыва дамбы в Орске,городской округ город Орск,['оренбургская'],https://lenta.ru/news/2024/04/06/voda-v-reke-nachala-priblizhatsya-k-opasnomu-urovnyu-posle-proryva-damby-v-orske/
2024-05-02,interfax,emergency,Более 1 тыс. жителей Викуловского района Тюменской области эвакуировали из-за паводка,Викуловский муниципальный район,['тюменская'],https://www.interfax.ru/russia/958752
2022-12-05,interfax,emergency,"В Ярославле из жилого дома, где взорвался газ, эвакуировали 44 человека",городской округ город Ярославль,['ярославская'],https://www.interfax.ru/russia/875326
2023-12-25,interfax,transport,"Новые паромы для доставки грузов в Калининград будут строить на верфи ""Звезда""",городской округ город Калининград,['калининградская'],https://www.interfax.ru/business/937922
2023-08-15,interfax,fire,Самолет МЧС с пострадавшими при пожаре на АЗС вылетел из Махачкалы в Москву,городской округ город Махачкала,"['дагестан', 'москва']",https://www.interfax.ru/russia/916412
2023-06-02,interfax,attack,Система ПВО сбила несколько БПЛА рядом с Курском,Курский муниципальный округ,['ставропольский'],https://www.interfax.ru/russia/904431
2024-09-08,interfax,fire,"Пожар произошел на территории ""АвтоВАЗа"" в Тольятти",городской округ Тольятти,['самарская'],https://www.interfax.ru/russia/980019
2024-11-19,interfax,attack,Аэропорт Астрахани сообщил о штатной работе на фоне угрозы атаки БПЛА,городской округ город Астрахань,['астраханская'],https://www.interfax.ru/russia/993485
2024-01-09,interfax,emergency,В Екатеринбурге возобновили подачу тепла после аварии в котельной,городской округ город Екатеринбург,['свердловская'],https://www.interfax.ru/russia/939410
2023-01-05,lenta,fire,Число пострадавших при пожаре в Чебоксарах возросло,городской округ город Чебоксары,['чувашия'],https://lenta.ru/news/2023/01/05/cheby2/
2024-04-12,interfax,emergency,Режим ЧС ввели в двух сельских поселениях под Томском из-за паводка,городской округ город Томск,['томская'],https://www.interfax.ru/russia/955503
2023-06-04,lenta,fire,Названа причина пожара в больнице Новосибирска,городской округ город Новосибирск,['новосибирская'],https://lenta.ru/news/2023/06/04/prich/
2024-03-24,interfax,attack,Житель белгородского села Муром ранен при обстреле ВСУ,городской округ округ Муром,['владимирская'],https://www.interfax.ru/russia/952224
2023-08-10,lenta,fire,Пожар в автосервисе в Домодедово локализовали,городской округ Домодедово,['московская'],https://lenta.ru/news/2023/08/10/lokaliz_domoded/
2024-10-09,lenta,emergency,Идущий на США ураган сравнили с «Иваном Грозным»,городской округ город Грозный,['чеченская'],https://lenta.ru/news/2024/10/09/iduschiy-na-ssha-uragan-sravnili-s-ivanom-groznym/
2024-09-10,interfax,transport,"Аэропорт ""Жуковский"" возобновил штатную работу",городской округ Жуковский,['московская'],https://www.interfax.ru/russia/980437
2023-03-22,interfax,fire,В тушении пожара в Самаре задействованы 160 пожарных и 54 единицы техники,городской округ Самара,['самарская'],https://www.interfax.ru/russia/892452
2024-08-11,interfax,attack,"Сбитая над Курском ракета упала на жилой дом, возник пожар",Курский муниципальный округ,['ставропольский'],https://www.interfax.ru/russia/976012
2023-11-27,interfax,emergency,Более 6 тыс. жителей Владивостока остались без тепла из-за аварии,городской округ Владивостокский,['приморский'],https://www.interfax.ru/russia/933328
2024-01-25,lenta,emergency,Спасательную операцию на месте взрыва насосной станции под Оренбургом завершили,городской округ город Оренбург,['оренбургская'],https://lenta.ru/news/2024/01/25/spasatelnuyu-operatsiyu-na-meste-vzryva-nasosnoy-stantsii-pod-orenburgom-zavershili/
2024-08-22,lenta,emergency,Очевидцы рассказали о звучащих один за другим взрывах во время атаки БПЛА под Волгоградом,городской округ город-герой Волгоград,['волгоградская'],https://lenta.ru/news/2024/08/22/ochevidtsy-rasskazali-o-zvuchaschih-odin-za-drugim-vzryvah-vo-vremya-ataki-bpla-pod-volgogradom/
2024-04-07,lenta,flood,В Оренбурге из-за паводка ограничили движение автомобилей,городской округ город Оренбург,['оренбургская'],https://lenta.ru/news/2024/04/07/v-orenburge-iz-za-pavodka-ogranichili-dvizhenie-avtomobiley/
2022-12-04,interfax,emergency,Причиной взрыва в пятиэтажке в Нижневартовске стала детонация газового баллона,городской округ город Нижневартовск,['ханты'],https://www.interfax.ru/russia/875292
2023-01-10,interfax,emergency,Один человек пострадал в результате взрыва газа в жилом доме в Коломне,городской округ Коломна,['московская'],https://www.interfax.ru/russia/880108
2024-08-15,interfax,plant,В Люберцах произошел пожар на территории завода,городской округ Люберцы,['московская'],https://www.interfax.ru/russia/976607
2023-07-04,lenta,transport,Милашина и Немов вылетели специальным рейсом из Беслана в Москву,Правобережный муниципальный район,"['москва', 'осетия']",https://lenta.ru/news/2023/07/04/moscow/
2022-12-12,interfax,fire,"Потенциальный ущерб от пожара в ТЦ ""СтройТракт"" в Балашихе может достичь 10 млрд руб.",городской округ Балашиха,['московская'],https://www.interfax.ru/russia/876427
2024-05-23,interfax,transport,Аэропорты Казани и Нижнекамска возобновили работу,городской округ город Казань; Нижнекамский муниципальный район,['татарстан'],https://www.interfax.ru/russia/961981
2024-03-16,lenta,transport,Российская журналистка погибла в аварии на трассе Омск — Тюмень,городской округ город Омск; городской округ город Тюмень,"['омская', 'тюменская']",https://lenta.ru/news/2024/03/16/rossiyskaya-zhurnalistka-pogibla-v-avarii-na-trasse-omsk-tyumen/
2023-09-15,lenta,emergency,Власти Махачкалы назвали пострадавший от взрыва газа дом незаконно построенным,городской округ город Махачкала,['дагестан'],https://lenta.ru/news/2023/09/15/nezakon/
2023-08-30,lenta,transport,Авиакомпании отменили шесть авиарейсов из аэропорта Пскова на фоне атак БПЛА,городской округ город Псков,['псковская'],https://lenta.ru/news/2023/08/30/shedule/
2023-01-20,interfax,plant,"""Росатом"" начал строительство в Обнинске завода радиофармпрепаратов",городской округ город Обнинск,['калужская'],https://www.interfax.ru/russia/881586
2024-04-16,interfax,disaster,В Прионежском районе Карелии ввели повышенную готовность из-за угрозы наводнения,Прионежский муниципальный район,['карелия'],https://www.interfax.ru/russia/956131
2024-10-29,interfax,fire,Пожар на строительной площадке на Волоколамском шоссе в Москве локализован,городской округ Волоколамский,"['москва', 'московская']",https://www.interfax.ru/moscow/989081
2024-04-13,interfax,transport,"Правительство выделило свыше 3,7 млрд руб. на реконструкцию аэропорта в Казани",городской округ город Казань,['татарстан'],https://www.interfax.ru/russia/955645
2022-12-24,interfax,fire,Семь человек пропали после пожара в нелегальном доме престарелых в Кемерове,городской округ Кемеровский,['кемеровская'],https://www.interfax.ru/russia/878501
2024-04-08,interfax,flood,В Орске 12 из 19 промпредприятий не затронуты паводком и работают,городской округ город Орск,['оренбургская'],https://www.interfax.ru/russia/954706
2023-02-09,lenta,emergency,Очевидцы описали первые минуты после взрыва в жилом доме в Новосибирске,городской округ город Новосибирск,['новосибирская'],https://lenta.ru/news/2023/02/09/ochhd/
2024-05-06,interfax,emergency,Жителей села Усть-Ишим в Омской области эвакуируют из-за опасности затопления,Усть-Ишимский муниципальный район,['омская'],https://www.interfax.ru/russia/959104
2024-03-12,interfax,fire,В Орле пожар на нефтебазе после удара БПЛА хотят локализовать на площади в 100 кв. м,городской округ город Орёл,['орловская'],https://www.interfax.ru/russia/949874
2024-10-09,interfax,fire,Пожар на рынке в Ногинске локализован,городской округ Богородский,['московская'],https://www.interfax.ru/russia/986013
2024-08-18,interfax,emergency,Снята угроза цунами в Северо-Курильском районе после землетрясения,городской округ Северо-Курильский,['сахалинская'],https://www.interfax.ru/russia/976993
2024-07-26,lenta,disaster,Названы первые последствия прорыва дамбы под Челябинском,городской округ Челябинский,['челябинская'],https://lenta.ru/news/2024/07/26/nazvany-pervye-posledstviya-proryva-damby-pod-chelyabinskom/
2022-12-04,interfax,emergency,Число жертв взрыва газа в доме в Нижневартовске возросло до шести человек,городской округ город Нижневартовск,['ханты'],https://www.interfax.ru/russia/875299
2024-03-04,lenta,transport,Губернатор прокомментировал диверсию на железнодорожном мосту под Самарой,городской округ Самара,['самарская'],https://lenta.ru/news/2024/03/04/gubernator-prokommentiroval-diversiyu-na-zheleznodorozhnom-mostu-pod-samaroy/
2023-09-17,interfax,attack,"Местные власти заявили, что обломки сбитого в Истре беспилотника упали в лесу",городской округ Истра,['московская'],https://www.interfax.ru/moscow/921173
2024-04-13,interfax,attack,В Белом доме подтвердили начало атаки Ирана на Израиль,муниципальный округ Бельский,['тверская'],https://www.interfax.ru/world/955715
2024-04-06,lenta,flood,Власти сообщили данные о подтопленных домах в Орске,городской округ город Орск,['оренбургская'],https://lenta.ru/news/2024/04/06/orskzifraaa/
2024-04-12,interfax,disaster,Режим ЧС ввели в двух сельских поселениях под Томском из-за паводка,городской округ город Томск,['томская'],https://www.interfax.ru/russia/955503
2024-12-31,interfax,transport,"Аэропорт ""Владикавказ"" открыт для приема и отправки самолетов",городской округ город Владикавказ,['осетия'],https://www.interfax.ru/russia/1001384
2023-02-07,lenta,emergency,Люди оказались под завалами обрушившегося дома под Тулой,городской округ город Тула,['тульская'],https://lenta.ru/news/2023/02/07/podzavalami/
2024-06-23,interfax,attack,Сотрудник полиции ранен при обстреле поста ДПС в Махачкале,городской округ город Махачкала,['дагестан'],https://www.interfax.ru/russia/967701
2024-01-12,interfax,plant,В Златоусте тушат крупный пожар на предприятии,городской округ Златоустовский,['челябинская'],https://www.interfax.ru/russia/939883
2024-04-09,interfax,disaster,В Оренбурге места возможного подтопления защитят насыпями,городской округ город Оренбург,['оренбургская'],https://www.interfax.ru/russia/954891
2024-04-06,interfax,flood,Дело о халатности и нарушении безопасности при строительстве заведено после прорыва дамбы в Орске,городской округ город Орск,['оренбургская'],https://www.interfax.ru/russia/954417
2024-07-13,interfax,fire,"Лесной пожар в Туапсинском районе Кубани локализован на площади 5,1 га",муниципальный округ Лесной,"['краснодарский', 'тверская']",https://www.interfax.ru/russia/970635
2024-02-02,lenta,fire,В Мурманске загорелся цех по производству консервов,городской округ город Мурманск,['мурманская'],https://lenta.ru/news/2024/02/02/murmansk/
2024-04-27,interfax,transport,"Аэропорт ""Кольцово"" изменил порядок процедур для вылетающих за границу",городской округ рабочий поселок Кольцово,['новосибирская'],https://www.interfax.ru/russia/958200
2024-04-06,lenta,disaster,Власти прокомментировали данные о полном разрушении дамбы в Орске,городской округ город Орск,['оренбургская'],https://lenta.ru/news/2024/04/06/dambaaa/
2023-07-14,lenta,emergency,Момент взрыва над городом-спутником Курской АЭС попал на видео,Курский муниципальный округ,['ставропольский'],https://lenta.ru/news/2023/07/14/video/
2023-08-04,interfax,emergency,Одиннадцать человек пострадали при взрыве бытового газа в красноярском Канске,городской округ город Канск,['красноярский'],https://www.interfax.ru/russia/914867
2024-09-01,interfax,emergency,Водоснабжение 19 санаториев в Ессентуках остановлено из-за аварии на сетях,городской округ город-курорт Ессентуки,['ставропольский'],https://www.interfax.ru/russia/979102
2023-02-09,interfax,emergency,Девять человек стали жертвами взрыва и обрушения дома в Новосибирске,городской округ город Новосибирск,['новосибирская'],https://www.interfax.ru/russia/885504
2024-09-15,interfax,fire,"Ландшафтный пожар площадью 1,5 тыс. кв. м тушат на хуторе на Ставрополье",городской округ город Ставрополь,['ставропольский'],https://www.interfax.ru/russia/982129
2024-12-08,interfax,transport,В аэропортах Кавминвод и Ставрополя предупредили о задержках рейсов из-за тумана,городской округ город Ставрополь,['ставропольский'],https://www.interfax.ru/russia/996537
2024-05-26,interfax,transport,Движение на внешней стороне Садового кольца временно перекроют из-за мотофестиваля,Сарпинский муниципальный район,['калмыкия'],https://www.interfax.ru/russia/962329
2024-04-29,interfax,disaster,"Половодье отрезало от ""большой земли"" 14 тюменских поселков в Абатском районе",Абатский муниципальный район,['тюменская'],https://www.interfax.ru/russia/958369
2023-08-26,interfax,fire,Потушен пожар на складе в Кемерове,городской округ Кемеровский,['кемеровская'],https://www.interfax.ru/russia/917958
2023-08-30,lenta,transport,Появились кадры отражения атаки ВСУ на аэропорт в Пскове,городской округ город Псков,['псковская'],https://lenta.ru/news/2023/08/30/kadri/
2023-08-20,interfax,fire,Пожар на складе Ozon в подмосковном Подольске локализовали,городской округ Подольск,['московская'],https://www.interfax.ru/moscow/916994
2023-05-14,interfax,fire,"Пожар на заводе ""Феррони"" в Тольятти ликвидирован",городской округ Тольятти,['самарская'],https://www.interfax.ru/russia/901414
2024-05-17,lenta,plant,Национализацию завода в Челябинске объяснили строительством пушек,городской округ Челябинский,['челябинская'],https://lenta.ru/news/2024/05/17/ochen-nado/
2024-05-03,lenta,macro,В затопленном Оренбурге подскочили ставки на аренду,городской округ город Оренбург,['оренбургская'],https://lenta.ru/news/2024/05/03/orenburg-arenda/
2024-04-07,lenta,flood,Глава МЧС прибыл в пострадавший от паводка Орск,городской округ город Орск,['оренбургская'],https://lenta.ru/news/2024/04/07/glava-mchs-pribyl-v-postradavshiy-ot-pavodka-orsk/
2024-10-31,interfax,emergency,Два человека погибли из-за взрыва газа в жилом доме в Черкесске,городской округ Черкесский,['карачаево'],https://www.interfax.ru/russia/989488
2023-08-08,lenta,emergency,Очевидцы сообщили о взрыве в Волгограде,городской округ город-герой Волгоград,['волгоградская'],https://lenta.ru/news/2023/08/08/volgogradss/
2022-12-04,interfax,emergency,Власти подтвердили гибель четырех человек при взрыве газа в пятиэтажке в Нижневартовске,городской округ город Нижневартовск,['ханты'],https://www.interfax.ru/russia/875294
2023-07-14,lenta,attack,Обломки упавшего в городе-спутнике Курской АЭС дрона упали на жилой дом,Курский муниципальный округ,['ставропольский'],https://lenta.ru/news/2023/07/14/dom/
2024-08-19,lenta,transport,ВСУ ударили по третьему мосту под Курском,Курский муниципальный округ,['ставропольский'],https://lenta.ru/news/2024/08/19/stalo-izvestno-ob-udare-vsu-po-tretiemu-mostu-pod-kurskom/
2023-06-01,lenta,attack,Появились кадры с места падения беспилотника под Калугой,городской округ город Калуга,['калужская'],https://lenta.ru/news/2023/06/01/mesto/
2023-03-22,interfax,fire,Из-за пожара в многоквартирном доме в Самаре эвакуировали около 60 человек,городской округ Самара,['самарская'],https://www.interfax.ru/russia/892439
2024-04-07,interfax,flood,В подтопленном от паводка Орске эвакуированы более двух тысяч человек,городской округ город Орск,['оренбургская'],https://www.interfax.ru/russia/954571
2024-05-02,interfax,transport,В Тюменской области Ишим поднялся на 60 см выше уровня участка трассы Р-402,городской округ город Ишим,['тюменская'],https://www.interfax.ru/russia/958656
2024-02-17,interfax,fire,Крупный пожар в производственном здании в Ижевске полностью ликвидирован,городской округ город Ижевск,['удмуртская'],https://www.interfax.ru/russia/946595
2024-06-25,interfax,fire,В горевшем накануне административном здании во Фрязине вновь возник пожар,городской округ Фрязино,['московская'],https://www.interfax.ru/russia/968045
2024-09-10,lenta,transport,Момент уничтожения летевшего к аэропорту Домодедово БПЛА сняли на видео,городской округ Домодедово,['московская'],https://lenta.ru/news/2024/09/10/moment-unichtozheniya-letevshego-k-aeroportu-domodedovo-bpla-snyali-na-video/
2024-04-09,interfax,flood,Ценности эвакуируют из музеев Кургана из-за паводка,городской округ город Курган,['курганская'],https://www.interfax.ru/russia/954820
2024-04-23,lenta,flood,Власти опровергли невыплату компенсаций вдове бойца СВО в затопленном Орске,городской округ город Орск,['оренбургская'],https://lenta.ru/news/2024/04/23/vlasti-oprovergli-otsutstvie-kompensatsiy-u-vdovy-boytsa-svo-v-zatoplennom-orske/
2024-04-06,lenta,flood,В МЧС назвали количество эвакуированных из зоны подтопления в Орске,городской округ город Орск,['оренбургская'],https://lenta.ru/news/2024/04/06/v-mchs-nazvali-kolichestvo-evakuirovannyh-iz-zony-podtopleniya-v-orske/
2024-01-09,interfax,attack,Три человека пострадали в результате атаки дронов на объект ТЭК в Орле,городской округ город Орёл,['орловская'],https://www.interfax.ru/russia/939428
2023-05-17,lenta,attack,Стало известно о модели упавшего под Калугой беспилотника,городской округ город Калуга,['калужская'],https://lenta.ru/news/2023/05/17/sov/
2023-12-22,interfax,transport,"""Ингосстрах"" отсудил 1,1 млрд рублей у аэропорта Якутска и Росавиации",городской округ город Якутск,['саха'],https://www.interfax.ru/russia/937595
2023-12-31,lenta,attack,В Магадане отменили гуляния в новогоднюю ночь после обстрела Белгорода,городской округ город Магадан,['магаданская'],https://lenta.ru/news/2023/12/31/v-magadane-otmenili-gulyaniya-v-novogodnyuyu-noch-posle-obstrela-belgoroda/
2024-05-31,lenta,attack,Обломки сбитого в Казани беспилотника сняли на видео,городской округ город Казань,['татарстан'],https://lenta.ru/news/2024/05/31/oblomki-sbitogo-v-kazani-bespilotnika-snyali-na-video/
2024-09-18,lenta,attack,Город Торопец Тверской области подвергся атаке ВСУ. Объявлена эвакуация жителей,муниципальный округ Торопецкий,['тверская'],https://lenta.ru/news/2024/09/18/v-toroptse-otrazhayut-massovuyu-ataku-bpla-ob-yavlena-chastichnaya-evakuatsiya/
2024-04-10,interfax,disaster,Дамбу в Оренбурге в районе моста через Урал наращивают на метр,городской округ город Оренбург,['оренбургская'],https://www.interfax.ru/russia/955134
2023-10-29,lenta,transport,Толпа ворвалась в аэропорт Махачкалы в поисках евреев,городской округ город Махачкала,['дагестан'],https://lenta.ru/news/2023/10/29/tolpa-vorvalas-v-aeroport-mahachkaly-v-poiskah-evreev/
2024-12-27,interfax,transport,Аэропорт Сыктывкара закрыт из-за сообщения о минировании,городской округ Сыктывкар,['коми'],https://www.interfax.ru/russia/1000949
2024-05-15,interfax,flood,Около 2 тыс. жителей омского Усть-Ишима эвакуированы из зоны паводка,Усть-Ишимский муниципальный район,['омская'],https://www.interfax.ru/russia/960512
2024-04-06,interfax,disaster,Шесть медучреждений Орска попали в зону подтопления,городской округ город Орск,['оренбургская'],https://www.interfax.ru/russia/954453
2023-08-28,interfax,macro,"ФАС разрешит увеличить тариф за взлет-посадку в аэропорту Хабаровска в 1,5 раза",городской округ город Хабаровск,['хабаровский'],https://www.interfax.ru/russia/918087
2023-11-05,interfax,attack,"Новая атомная подлодка выполнила испытательный пуск ракеты ""Булава"" из Белого моря",муниципальный округ Бельский,['тверская'],https://www.interfax.ru/russia/929217
2024-06-17,lenta,plant,На предприятии в Липецке рассказали подробности об атаке беспилотников ВСУ,городской округ город Липецк,['липецкая'],https://lenta.ru/news/2024/06/17/na-predpriyatii-v-lipetske-rasskazali-podrobnosti-ob-atake-bespilotnikov-vsu/
2024-04-16,interfax,disaster,Жителей трех деревень под Ишимом в Тюменской области эвакуируют из-за паводка,городской округ город Ишим,['тюменская'],https://www.interfax.ru/russia/956113
2024-04-23,interfax,disaster,Несколько участков дороги подтоплено в Абатском районе Тюменской области,Абатский муниципальный район,['тюменская'],https://www.interfax.ru/russia/957230
2024-04-22,interfax,flood,На севере Оренбурга восстановили водоснабжение после подтопления подстанции,городской округ город Оренбург,['оренбургская'],https://www.interfax.ru/russia/957093
2024-04-12,lenta,flood,84-летняя жительница затопленного Орска пять часов простояла в ледяной воде,городской округ город Орск,['оренбургская'],https://lenta.ru/news/2024/04/12/84-letnyaya-zhitelnitsa-zatoplennogo-orska-pyat-chasov-prostoyala-v-ledyanoy-vode/
2024-12-21,interfax,transport,Ограничения на полеты в аэропорту Ижевска сняты,городской округ город Ижевск,['удмуртская'],https://www.interfax.ru/russia/999997
2023-10-31,lenta,attack,Около 300 жителей села под Курском остались без воды после обстрела,Курский муниципальный округ,['ставропольский'],https://lenta.ru/news/2023/10/31/okolo-300-zhiteley-sela-pod-kurskom-ostalis-bez-vody-posle-obstrela/
2023-07-09,lenta,attack,Назван предполагаемый вид летевших в сторону Десногорской АС станции ракет,городской округ город Десногорск,['смоленская'],https://lenta.ru/news/2023/07/09/letevsh/
2024-04-12,interfax,attack,В Белом доме назвали реальной угрозу атаки Ирана на Израиль,муниципальный округ Бельский,['тверская'],https://www.interfax.ru/world/955588
2024-04-29,lenta,disaster,Гидролог назвал сроки восстановления дамбы в Орске,городской округ город Орск,['оренбургская'],https://lenta.ru/news/2024/04/29/damba/
2024-04-13,lenta,disaster,В Кургане начали строить дамбы,городской округ город Курган,['курганская'],https://lenta.ru/news/2024/04/13/damba-kurgan/
2023-11-19,lenta,disaster,В Новокузнецке ввели режим ЧС из-за последствий урагана,городской округ Новокузнецкий,['кемеровская'],https://lenta.ru/news/2023/11/19/v-novokuznetske-vveli-rezhim-chs-iz-za-posledstviy-uragana/
2024-11-25,interfax,transport,Superjet с неисправной гидравликой приземлился в аэропорту Красноярска,городской округ город Красноярск,['красноярский'],https://www.interfax.ru/russia/994304
2024-12-28,interfax,transport,Временные ограничения введены в аэропорту Казани,городской округ город Казань,['татарстан'],https://www.interfax.ru/russia/1001082
2024-04-14,interfax,transport,"На реке Тобол возник риск затора из-за смытого моста, который несет к Кургану",городской округ город Курган,['курганская'],https://www.interfax.ru/russia/955775
2024-04-09,interfax,disaster,Город Бузулук вышел на пик паводка,городской округ город Бузулук,['оренбургская'],https://www.interfax.ru/russia/954944
2024-07-09,lenta,attack,В России ответили на слова Пугачевой о попадании ракеты в детскую больницу Киева,Пугачевский муниципальный район,['саратовская'],https://lenta.ru/news/2024/07/09/slova-pugachevoy/
2023-09-27,lenta,attack,Появились подробности о сбитом под Саратовом беспилотнике,городской округ город Саратов,['саратовская'],https://lenta.ru/news/2023/09/27/dronnn/
2024-07-18,interfax,transport,Завершение подорожавшей реконструкции аэропорта Грозного перенесли на 2026 год,городской округ город Грозный,['чеченская'],https://www.interfax.ru/russia/971343
2023-07-14,lenta,attack,Губернатор подтвердил падение и взрыв беспилотника в городе-спутнике Курской АЭС,Курский муниципальный округ,['ставропольский'],https://lenta.ru/news/2023/07/14/podtverdil/
2023-03-02,interfax,disaster,Возбуждено дело о затоплении в Татарском проливе китайского сухогруза,Татарский муниципальный район,['новосибирская'],https://www.interfax.ru/russia/889350
2023-07-20,interfax,plant,"Первая линия завода ""Арктик СПГ 2"" отправилась из Мурманска к месту установки на Гыдан",городской округ город Мурманск,['мурманская'],https://www.interfax.ru/russia/912584
2024-10-10,lenta,attack,Житель Майкопа описал атаку беспилотников на Адыгею,городской округ город Майкоп,['адыгея'],https://lenta.ru/news/2024/10/10/adygeya/
2024-12-21,interfax,transport,"План ""Ковёр"" введен в аэропорту Ижевска из-за атаки БПЛА в Казани",городской округ город Казань; городской округ город Ижевск,"['татарстан', 'удмуртская']",https://www.interfax.ru/russia/999973
2024-08-19,interfax,flood,Во Владивостоке после ливня подтопило дороги и некоторые здания,городской округ Владивостокский,['приморский'],https://www.interfax.ru/russia/977143
2024-10-31,interfax,attack,Аэропорт Волгограда сообщил о штатной работе после атаки БПЛА,городской округ город-герой Волгоград,['волгоградская'],https://www.interfax.ru/russia/989494
2023-01-27,interfax,macro,Перевозка грузов в Калининград по морю будет идти по укрупненным тарифам,городской округ город Калининград,['калининградская'],https://www.interfax.ru/russia/883611
2024-11-21,interfax,plant,"""Кордиант"" возобновил работу шинного завода в Ульяновске, купленного у Bridgestone",городской округ город Ульяновск,['ульяновская'],https://www.interfax.ru/business/993790
2023-07-17,interfax,layoff,Польша не планировала отзывать посла из РФ из-за закрытия консульства в Смоленске,городской округ город Смоленск,['смоленская'],https://www.interfax.ru/world/911872
2024-04-06,interfax,disaster,В МЧС подтвердили новый прорыв дамбы в Орске,городской округ город Орск,['оренбургская'],https://www.interfax.ru/russia/954463
2024-04-06,interfax,disaster,"Власти заявили, что защищающая Старый город в Орске дамба не выдерживает потока",городской округ город Орск,['оренбургская'],https://www.interfax.ru/russia/954377
2024-04-06,interfax,disaster,Дамба в Орске по проекту была рассчитана на уровень воды вдвое меньше нынешнего,городской округ город Орск,['оренбургская'],https://www.interfax.ru/russia/954418
2023-07-28,interfax,disaster,Режим ЧС ввели в Черкесске после разгула стихии,городской округ Черкесский,['карачаево'],https://www.interfax.ru/russia/913912
2024-04-09,interfax,disaster,В Оренбурге подтопление угрожает всей застройке вдоль рек Урал и Сакмара,городской округ город Оренбург; Сакмарский муниципальный район,['оренбургская'],https://www.interfax.ru/russia/955004
2023-06-18,interfax,disaster,Режим ЧС введен во Владикавказе и Пригородном районе Северной Осетии из-за подтоплений,городской округ город Владикавказ; Пригородный муниципальный район,['осетия'],https://www.interfax.ru/russia/907006
2024-04-24,interfax,flood,В Курганской области из-за паводка эвакуируют пять сел Белозерского округа,Белозерский муниципальный округ,['курганская'],https://www.interfax.ru/russia/957464
2024-04-07,lenta,flood,Троих детей и шестерых взрослых госпитализировали из-за паводка в Орске,городской округ город Орск,['оренбургская'],https://lenta.ru/news/2024/04/07/troih-detey-i-shesteryh-vzroslyh-gospitalizirovali-iz-za-pavodka-v-orske/
2024-04-07,interfax,disaster,В подтопленном от паводка Орске эвакуированы более двух тысяч человек,городской округ город Орск,['оренбургская'],https://www.interfax.ru/russia/954571
2023-05-07,interfax,plant,"Задержаны главы предприятий, обслуживавших карусель в Оренбурге до ее обрушения",городской округ город Оренбург,['оренбургская'],https://www.interfax.ru/russia/900491
2023-06-20,lenta,plant,Число погибших при взрыве на пороховом заводе под Тамбовом выросло до пяти,городской округ город Тамбов,['тамбовская'],https://lenta.ru/news/2023/06/20/pogibli/
2024-04-15,lenta,disaster,Власти описали ситуацию с подтоплениями под Томском,городской округ город Томск,['томская'],https://lenta.ru/news/2024/04/15/tomsk/
2024-05-27,lenta,flood,Пострадавшим от паводка в Оренбурге выделят более полумиллиарда рублей,городской округ город Оренбург,['оренбургская'],https://lenta.ru/news/2024/05/27/postradavshim-ot-pavodka-v-orenburge-vydelyat-bolee-polumilliarda-rubley/
2024-04-02,interfax,plant,Атака БПЛА на предприятие в Нижнекамске не привела к серьезным разрушениям,Нижнекамский муниципальный район,['татарстан'],https://www.interfax.ru/russia/953597
2024-04-23,lenta,payments,Власти опровергли невыплату компенсаций вдове бойца СВО в затопленном Орске,городской округ город Орск,['оренбургская'],https://lenta.ru/news/2024/04/23/vlasti-oprovergli-otsutstvie-kompensatsiy-u-vdovy-boytsa-svo-v-zatoplennom-orske/
2024-09-06,interfax,plant,Ростехнадзор назвал причиной пожара на Омском НПЗ взрыв баллона при ремонте установки,городской округ город Омск,['омская'],https://www.interfax.ru/russia/979869
2024-04-10,lenta,flood,Десятки затопленных домов возле Оренбурга сняли с высоты птичьего полета,городской округ город Оренбург,['оренбургская'],https://lenta.ru/news/2024/04/10/desyatki-zatoplennyh-domov-vozle-orenburga-snyali-s-vysoty-ptichiego-poleta/
2024-05-05,interfax,flood,Высоту земляной дамбы увеличили в селе Викулово из-за подъема воды в Ишиме,городской округ город Ишим; Викуловский муниципальный район,['тюменская'],https://www.interfax.ru/russia/959044
2024-09-29,interfax,plant,В здании мебельного комбината в Барнауле произошел пожар,городской округ город Барнаул,['алтайский'],https://www.interfax.ru/russia/984268
2024-04-16,lenta,flood,Стало известно об угрозе повторного затопления Орска,городской округ город Орск,['оренбургская'],https://lenta.ru/news/2024/04/16/stalo-izvestno-ob-ugroze-povtornogo-zatopleniya-orska/
2024-08-08,lenta,macro,Хирург из Люберец купил жилье по социальной ипотеке,городской округ Люберцы,['московская'],https://lenta.ru/news/2024/08/08/hirurg/
2024-04-06,lenta,flood,Жительница Орска сообщила о полном затоплении микрорайона Старый город,городской округ город Орск,['оренбургская'],https://lenta.ru/news/2024/04/06/zhitelnitsa-orska-soobschila-o-polnom-zatoplenii-mikrorayona-staryy-gorod/
2023-05-14,interfax,plant,"Превышения ПДК после пожара на заводе ""Феррони"" в Тольятти не зафиксировано",городской округ Тольятти,['самарская'],https://www.interfax.ru/russia/901384
2024-10-11,interfax,plant,Акционеры Тульского оружейного завода одобрили план его докапитализации на 16 млрд рублей,Майкопский муниципальный район,['адыгея'],https://www.interfax.ru/business/986367
2024-02-05,lenta,layoff,В Росавиации сообщили о временном закрытии аэропорта Саранска,городской округ Саранск,['мордовия'],https://lenta.ru/news/2024/02/05/v-rosaviatsii-soobschili-o-vremennom-zakrytii-aeroporta-v-saranska/
2024-04-08,interfax,flood,Ряд районов Оренбурга и пригорода окажутся в зоне подтопления при пике паводка,городской округ город Оренбург,['оренбургская'],https://www.interfax.ru/russia/954637
2024-07-23,interfax,plant,"Мишустин посетит завод и университет в Хабаровске, затем отправится в Новосибирск",городской округ город Хабаровск; городской округ город Новосибирск,"['новосибирская', 'хабаровский']",https://www.interfax.ru/russia/971952
2024-04-08,interfax,flood,В пострадавшем от паводка Орске построят новую дамбу,городской округ город Орск,['оренбургская'],https://www.interfax.ru/russia/954772
2024-04-16,lenta,flood,Последствия скандала с квартирой сына мэра затопленного Орска в Дубае оценили,городской округ город Орск,['оренбургская'],https://lenta.ru/news/2024/04/16/posledstviya-skandala-s-kvartiroy-syna-mera-zatoplennogo-orska-v-dubae-otsenili/
2023-09-21,interfax,plant,ТВЭЛ сохранил планы по расширению выпуска лития на Новосибирском заводе химконцентратов,городской округ город Новосибирск,['новосибирская'],https://www.interfax.ru/business/921890
2024-03-07,lenta,plant,Власти сообщили о последствиях атаки БПЛА на комбинат «Северсталь» в Череповце,Череповецкий муниципальный район,['вологодская'],https://lenta.ru/news/2024/03/07/vlasti-soobschili-o-posledstviyah-ataki-bpla-na-kombinat-severstal-v-cherepovtse/
2023-05-13,interfax,plant,Площадь пожара на заводе по производству дверей в Тольятти увеличилась до 6 тысяч кв. м,городской округ Тольятти,['самарская'],https://www.interfax.ru/russia/901360
2023-01-25,interfax,layoff,В Астрахани обеспокоены рисками закрытия трех крупных производителей черной икры,городской округ город Астрахань,['астраханская'],https://www.interfax.ru/business/883207
2024-04-08,lenta,payments,Пострадавшие от паводка в Орске семьи получат выплаты в 100 тысяч рублей,городской округ город Орск,['оренбургская'],https://lenta.ru/news/2024/04/08/postradavshie-ot-pavodka-v-orske-semi-poluchat-vyplaty-v-100-tysyach-rubley/
2023-01-20,lenta,plant,В Обнинске состоялась церемония закладки фундамента завода радиофармпрепаратов,городской округ город Обнинск,['калужская'],https://lenta.ru/news/2023/01/20/rdmed/
2024-02-24,interfax,plant,Возгорание произошло на металлургическом комбинате в Липецке,городской округ город Липецк,['липецкая'],https://www.interfax.ru/russia/947526
2024-11-25,lenta,plant,Пожар на предприятии в Калуге после падения дрона потушили,городской округ город Калуга,['калужская'],https://lenta.ru/news/2024/11/25/pozhar-na-predpriyatii-v-kaluge-posle-padeniya-drona-potushili/
2023-06-13,lenta,plant,В Калининграде произошел пожар на территории завода «Кварц»,городской округ город Калининград,['калининградская'],https://lenta.ru/news/2023/06/13/kvarz/
2023-08-30,interfax,plant,Простой бывшего завода Volkswagen в Калуге продлен до конца ноября,городской округ город Калуга,['калужская'],https://www.interfax.ru/business/918560
2024-12-23,interfax,plant,"Власти сообщили, что взрыв на заводе в Абакане произошел при опрессовке емкости",городской округ город Абакан,['хакасия'],https://www.interfax.ru/russia/1000192
2023-02-16,interfax,macro,"""Домодедово"" в апреле повысит тарифы для иностранных авиакомпаний на 10%",городской округ Домодедово,['московская'],https://www.interfax.ru/russia/886543
2023-09-20,lenta,payments,Власти пообещали выплаты семьям погибших при взрыве в доме в Балашихе,городской округ Балашиха,['московская'],https://lenta.ru/news/2023/09/20/vyplaty/
2023-11-19,lenta,payments,Пострадавшие при обрушении дома в Астрахани получили выплаты,городской округ город Астрахань,['астраханская'],https://lenta.ru/news/2023/11/19/postradavshie-pri-obrushenii-doma-v-astrahani-poluchili-vyplaty/
2024-10-17,lenta,payments,В Челябинске объяснили выплаты срочникам за неподписанные контракты,городской округ Челябинский,['челябинская'],https://lenta.ru/news/2024/10/17/v-chelyabinske-ob-yasnili-vyplaty-srochnikam-za-nepodpisannye-kontrakty/
2024-06-20,lenta,payments,Ида Галич рассказала о выплате пяти ипотек,городской округ город Галич,['костромская'],https://lenta.ru/news/2024/06/20/ida-galich-rasskazala-o-vyplate-pyati-ipotek/
2023-02-07,interfax,payments,Пострадавшим в результате обрушения части дома под Тулой выплатят компенсации,городской округ город Тула,['тульская'],https://www.interfax.ru/russia/885094
2023-03-11,interfax,layoff,Патриарх Кирилл призвал папу римского не допустить закрытия Киево-Печерской лавры,Кирилловский муниципальный округ,['вологодская'],https://www.interfax.ru/russia/890621
2023-10-30,lenta,layoff,Росавиация сократила срок закрытия аэропорта Махачкалы,городской округ город Махачкала,['дагестан'],https://lenta.ru/news/2023/10/30/rosaviatsiya-sokratila-srok-zakrytiya-aeroporta-mahachkaly/
2023-09-15,lenta,layoff,Массовое увольнение учителей из школы в Екатеринбурге объяснили,городской округ город Екатеринбург,['свердловская'],https://lenta.ru/news/2023/09/15/ekb_cshool/
2024-04-24,interfax,payments,Глава Орска попросил изменить правила выплат за пострадавшее от паводка жилье,городской округ город Орск,['оренбургская'],https://www.interfax.ru/russia/957567
2024-11-27,interfax,macro,ФАС намерена оштрафовать Росморпорт за высокие тарифы в порту Магадана,городской округ город Магадан,['магаданская'],https://www.interfax.ru/russia/994697
2024-12-10,interfax,macro,ЦБ приостановил допэмиссию акций Тульского оружейного завода,Майкопский муниципальный район,['адыгея'],https://www.interfax.ru/business/996948
2024-05-08,lenta,payments,Жители Орска обратились к Путину из-за выплат после наводнения,городской округ город Орск,['оренбургская'],https://lenta.ru/news/2024/05/08/orsk/
2023-11-26,interfax,payments,Пострадавшим от падения беспилотника на дом в Туле выплатят компенсацию,городской округ город Тула,['тульская'],https://www.interfax.ru/russia/933288
2024-01-16,interfax,macro,Аэропорт Домодедово с января повысил тарифы для авиакомпаний РФ на 4-15%,городской округ Домодедово,['московская'],https://www.interfax.ru/russia/940405
2023-06-20,lenta,macro,«Лига Ставок» стала официальным букмекером турнира «Игры будущего»,муниципальный округ Игринский район,['удмуртская'],https://lenta.ru/news/2023/06/20/igrbd/
2023-08-07,interfax,macro,"""Автодор"" утвердил тарифы за проезд по новым участкам М-12 от Москвы до Арзамаса",городской округ город Арзамас,"['москва', 'нижегородская']",https://www.interfax.ru/russia/915070
2024-12-25,lenta,payments,Названа сумма выплаты семье жертвы взрыва в ТЦ Владикавказа после падения беспилотника,городской округ город Владикавказ,['осетия'],https://lenta.ru/news/2024/12/25/nazvana-summa-vyplaty-semie-zhertvy-vzryva-v-tts-vladikavkaza-posle-padeniya-bespilotnika/
2023-12-22,interfax,layoff,"Суд признал незаконным режим простоя после пожара на заводе ""Феррони"" в Тольятти",городской округ Тольятти,['самарская'],https://www.interfax.ru/business/937591
2022-12-22,interfax,payments,"""Домодедово"" проведет прямые выплаты иностранным держателям евробондов",городской округ Домодедово,['московская'],https://www.interfax.ru/business/878221
2023-02-15,interfax,macro,Туры по России после отмены НДС для туроператоров могут подешеветь к лету в пределах 10%,Эвенкийский муниципальный район,['красноярский'],https://www.interfax.ru/russia/886247
2024-08-13,lenta,layoff,В Орске предупредили о закрытии одного из двух мостов из-за роста уровня воды,городской округ город Орск,['оренбургская'],https://lenta.ru/news/2024/08/13/v-orske-predupredili-o-zakrytii-odnogo-iz-dvuh-mostov-iz-za-rosta-urovnya-vody/
2023-01-25,interfax,macro,Аэропорт Норильска повысит тариф на взлет и посадку самолетов на треть,городской округ город Норильск,['красноярский'],https://www.interfax.ru/russia/883166
2023-01-26,lenta,macro,Сбербанк выдал первые кредиты по программе «Промышленная ипотека»,Промышленновский муниципальный округ,['кемеровская'],https://lenta.ru/news/2023/01/26/ipoteka/
2023-07-26,interfax,macro,"""Аэрофлот"" сообщил о росте перевозок по ""плоскому"" тарифу в города ДФО и Калининград",городской округ город Калининград,['калининградская'],https://www.interfax.ru/business/913458
2023-11-09,interfax,macro,"Тариф за взлет-посадку в аэропорту Хабаровска повышен в 1,5 раза",городской округ город Хабаровск,['хабаровский'],https://www.interfax.ru/business/929777
2023-07-27,interfax,layoff,Ставрополье ждет сокращения урожая плодов и ягод из-за холодной весны,городской округ город Ставрополь,['ставропольский'],https://www.interfax.ru/russia/913662
2024-02-28,interfax,layoff,Простой бывшего завода Volkswagen в Калуге продлен на месяц,городской округ город Калуга,['калужская'],https://www.interfax.ru/business/948110
2024-02-01,interfax,macro,"ФАС впервые с 2017 года повысила тарифы для авиакомпаний в аэропорту ""Якутск""",городской округ город Якутск,['саха'],https://www.interfax.ru/business/944087
2023-05-23,interfax,payments,"""Домодедово"" просило агента по евробондам вернуть ""зависшие"" выплаты, но получило отказ",городской округ Домодедово,['московская'],https://www.interfax.ru/business/902833
2024-04-19,interfax,layoff,Два рейса ушли на посадку в Минводы из-за закрытия аэропорта Владикавказа,городской округ город Владикавказ,['осетия'],https://www.interfax.ru/russia/956877
2022-12-20,lenta,payments,Мать офицера из Солнечногорска рассказала о выплатах за участие в спецоперации,городской округ Солнечногорск,['московская'],https://lenta.ru/news/2022/12/20/solnechnogorsk/
2023-08-30,interfax,layoff,Простой бывшего завода Volkswagen в Калуге продлен до конца ноября,городской округ город Калуга,['калужская'],https://www.interfax.ru/business/918560
2024-11-21,interfax,macro,Первый зампред ЦБ РФ Ольга Скоробогатова покидает Банк России,Ольгинский муниципальный округ,['приморский'],https://www.interfax.ru/russia/993886
2024-07-12,lenta,macro,Социальная ипотека помогла педиатру из Домодедова купить жилье,городской округ Домодедово,['московская'],https://lenta.ru/news/2024/07/12/sotsialnaya/
2024-04-06,lenta,payments,Страховые компании Сбера произведут выплаты пострадавшим в Орске,городской округ город Орск,['оренбургская'],https://lenta.ru/news/2024/04/06/strahovye-kompanii-sbera-proizvedut-vyplaty-postradavshim-v-orske/
2024-03-28,interfax,layoff,Простой бывшего завода Volkswagen в Калуге будет продлен после 1 апреля,городской округ город Калуга,['калужская'],https://www.interfax.ru/business/952873
2024-11-06,interfax,macro,"Трамп вернется в Белый дом как 47-й президент США, его политика может дать новый импульс инфляции. Обзор",муниципальный округ Бельский,['тверская'],https://www.interfax.ru/business/990447
2024-06-20,lenta,macro,Ида Галич рассказала о выплате пяти ипотек,городской округ город Галич,['костромская'],https://lenta.ru/news/2024/06/20/ida-galich-rasskazala-o-vyplate-pyati-ipotek/
2024-12-19,interfax,payments,"Аэропорт Якутска получит из бюджета 1,1 млрд рублей на выплату ""Ингосстраху"" за SSJ-100",городской округ город Якутск,['саха'],https://www.interfax.ru/russia/999695
2024-02-07,interfax,macro,ФАС повысила тарифы для российских авиакомпаний в аэропорту Волгограда на 5-42%,городской округ город-герой Волгоград,['волгоградская'],https://www.interfax.ru/russia/945008
2024-01-23,interfax,macro,Патриарх Кирилл предложил принять закон о досрочном выходе многодетных на пенсию,Кирилловский муниципальный округ,['вологодская'],https://www.interfax.ru/russia/941492
2024-04-12,interfax,layoff,Снижение водосброса привело к резкому сокращению воды в Урале у Орска,городской округ город Орск,['оренбургская'],https://www.interfax.ru/russia/955458
2024-05-20,lenta,layoff,Массовые увольнения в Tesla сравнили с сериалом «Игра в кальмара»,муниципальный округ Игринский район,['удмуртская'],https://lenta.ru/news/2024/05/20/massovye-uvolneniya-v-tesla-sravnili-s-serialom-igra-v-kalmara/
2023-11-28,interfax,layoff,Простой бывшего завода Volkswagen в Калуге продлен до марта 2024 года,городской округ город Калуга,['калужская'],https://www.interfax.ru/business/933693
