region_key,period,disaster_news,alarms_3m_before,alarms_3m_after,Все категории,Здоровье,Маркетплейсы,Общественное питание,Продовольствие,Транспорт
оренбургская,2024-04,180,4,9,-1.7,-4.8,-3.0,0.6,0.2,0.4
курганская,2024-04,71,1,4,0.2,-0.3,-1.0,5.7,-0.2,-3.0
тюменская,2024-04,37,3,4,-0.1,-2.5,-1.3,-4.2,1.4,-4.3
приморский,2023-08,19,2,3,1.0,-2.0,-0.7,0.3,4.5,-2.4
тюменская,2024-05,18,2,3,-0.7,-2.0,-0.7,-6.6,0.7,-4.5
челябинская,2024-07,15,4,5,-0.2,1.6,2.8,-0.7,0.8,0.2
карелия,2024-07,15,0,4,-1.5,-2.4,-0.5,-4.6,0.3,1.4
омская,2024-05,11,2,1,0.9,-0.9,-3.5,-4.3,0.5,0.2
курганская,2024-05,11,1,3,-0.9,0.2,2.0,4.2,-0.2,-2.4
