model,H,category,MAE,RMSE,WAPE,R2,R2_growth,n
default,1,Все категории,1740.1014169688524,2555.322677064232,6.006224854408585,0.9353959308041082,0.4202297836488954,2400
default,1,Здоровье,122.22138438987744,161.23622298780546,8.465452708647112,0.9558805953602106,-0.23594469352329628,2400
default,1,Маркетплейсы,506.61297861907553,689.6631072586241,10.710630023437107,0.8151792831410494,0.22758747939206514,2400
default,1,Общественное питание,160.32402528056585,231.42631561700364,10.321308561291772,0.9779277514571563,-0.7356321750661932,2400
default,1,Продовольствие,872.3211381890388,1083.7679916178647,6.875068839998476,0.8788716679133294,0.3883986441913665,2400
default,1,Транспорт,147.7012222921374,194.98124437029568,8.250489316001035,0.9593544726909681,-0.601761449605996,2400
default,3,Все категории,1549.4442090431753,2258.1204318863197,5.348445754137641,0.9474948066390619,0.5134232375064249,6000
default,3,Здоровье,139.80621442669676,184.0052652256726,9.714699402715924,0.9427205448248761,-0.031811905632664006,6000
default,3,Маркетплейсы,474.7761293403655,631.5525005332773,10.172002092071935,0.814301779753178,0.38520471796242495,6000
default,3,Общественное питание,181.7224862480846,266.0917511276545,11.489646292808391,0.9715255546443841,-0.5341239495774965,6000
default,3,Продовольствие,837.1089931229297,1019.1386115547494,6.58736343950213,0.8863706171585803,0.42340138847681297,6000
default,3,Транспорт,167.6650528975768,220.33767063480013,9.28278978556144,0.9486888346130922,-0.38799453677818985,6000
default,6,Все категории,1621.8671729138352,2357.158479032216,5.581107583637273,0.9427689556504297,0.5089143978178309,8400
default,6,Здоровье,141.2724820490946,189.30796844872515,9.959009225890568,0.9386549449116897,0.026139993355366542,8400
default,6,Маркетплейсы,555.3065353952063,731.2038746783065,12.023405781972494,0.7325761136912556,0.38704183334646836,8400
default,6,Общественное питание,206.7737456483506,301.9806129208838,12.826132438377424,0.9643894721787301,-4.525668634160465,8400
default,6,Продовольствие,788.9036638913586,968.367991346269,6.157474647549094,0.8967566388780679,0.5139001619735468,8400
default,6,Транспорт,194.8665086758212,250.878150176434,10.662288396198694,0.9350214883710004,-0.8030784347507753,8400
default,12,Все категории,2605.756272398341,3754.288600347657,8.994164325819941,0.8605483411168862,-0.09743159688278236,2400
default,12,Здоровье,189.91291926104373,256.52309956543724,13.15398974402907,0.88832463803327,-14.775205240015053,2400
default,12,Маркетплейсы,972.8764368452621,1222.392969291858,20.568204948030576,0.41937150159383163,0.11430828109933033,2400
default,12,Общественное питание,205.34570843096137,313.903323212705,13.21970562268511,0.9593918764062618,-76.42360005760494,2400
default,12,Продовольствие,1064.1120257235889,1372.005597098479,8.38664009163848,0.8058734829064871,-0.3706593498137174,2400
default,12,Транспорт,246.1467486912762,315.69205893913426,13.749589128172527,0.8934497674532683,-1.7139804923571904,2400
snaive,1,Все категории,3817.4266666666667,4322.613608782693,13.176429087193753,0.8151322275521221,-0.9337965351761375,2400
snaive,1,Здоровье,175.98416666666665,228.31482102570564,12.189238796666128,0.9115347681106782,-0.9534818977178059,2400
snaive,1,Маркетплейсы,1657.1879166666668,1745.5938250587774,35.035672996591614,-0.18403095130091573,-9.140790779878033,2400
snaive,1,Общественное питание,299.72333333333336,434.6160594900592,19.295529793108518,0.9221546572746967,-2.719971569668337,2400
snaive,1,Продовольствие,1200.1966666666667,1350.9690629939187,9.459170875992102,0.81178080818285,-0.01984590086926974,2400
snaive,1,Транспорт,236.31083333333333,301.4415725587077,13.20016161962226,0.9028521082518433,-2.3668637613956194,2400
snaive,3,Все категории,3921.9186666666665,4382.728118953612,13.537866751433311,0.8022132829752557,-1.2342894848206702,6000
snaive,3,Здоровье,178.05933333333334,229.87986790205588,12.372789766711655,0.9105994366254774,-0.2777424572902065,6000
snaive,3,Маркетплейсы,1672.5875,1748.6216209250836,35.83491775968458,-0.42357552035985213,-8.943513159617147,6000
snaive,3,Общественное питание,306.5465,443.30492647085856,19.381810859059335,0.9209689839326681,-1.1510181832805895,6000
snaive,3,Продовольствие,1247.9125,1390.8953512635906,9.820051206868978,0.7883525464862418,-0.11450741564510825,6000
snaive,3,Транспорт,237.46266666666668,303.4441541151628,13.147140554878103,0.9026822809767526,-1.0563928880179243,6000
snaive,6,Все категории,4000.4486904761907,4435.986728491998,13.76619176788445,0.7973089453771709,-1.1543458874395394,8400
snaive,6,Здоровье,175.7120238095238,226.7087320035703,12.38682608840145,0.9120211528471313,-0.07786751517137347,8400
snaive,6,Маркетплейсы,1683.5113095238096,1755.1746414598774,36.451110013569256,-0.5408625465908696,-7.143628420560235,8400
snaive,6,Общественное питание,313.6275,453.2112997950346,19.45424859768363,0.9197912505370475,-0.7560393680858546,8400
snaive,6,Продовольствие,1293.3391666666666,1431.3377658264146,10.094645891426572,0.7744382040724687,-0.0749570963264643,8400
snaive,6,Транспорт,240.98666666666668,308.5118458789209,13.18579245401865,0.9017375088392527,-0.6482051378013489,8400
snaive,12,Все категории,3817.4266666666667,4322.613608782693,13.176429087193753,0.8151322275521221,-1.2300508808811101,2400
snaive,12,Здоровье,175.98416666666665,228.31482102570564,12.189238796666128,0.9115347681106782,-0.07197991278081517,2400
snaive,12,Маркетплейсы,1657.1879166666668,1745.5938250587774,35.035672996591614,-0.18403095130091573,-3.7429116334154635,2400
snaive,12,Общественное питание,299.72333333333336,434.6160594900592,19.295529793108518,0.9221546572746967,-0.32568690518953747,2400
snaive,12,Продовольствие,1200.1966666666667,1350.9690629939187,9.459170875992102,0.81178080818285,-0.5274235929701059,2400
snaive,12,Транспорт,236.31083333333333,301.4415725587077,13.20016161962226,0.9028521082518433,-0.2642465960855318,2400
snaive_growth,1,Все категории,1103.6865408486303,1492.5746401152348,3.8095420579960013,0.9779585332036798,0.6859912153546366,2400
snaive_growth,1,Здоровье,108.3166830792351,148.73590562854935,7.502367631835831,0.9624563877889049,-0.3738192096055728,2400
snaive_growth,1,Маркетплейсы,424.4027145246308,587.4491894389681,8.972570084181736,0.8659035504826782,0.19721994395368037,2400
snaive_growth,1,Общественное питание,108.36326627149774,260.94552111456943,6.976189039292578,0.9719378598525038,-0.987398205112181,2400
snaive_growth,1,Продовольствие,411.90280039755703,544.5213625718162,3.2463504369507437,0.9694224319204647,0.8042867125716567,2400
snaive_growth,1,Транспорт,122.03311043246741,174.5179852764647,6.816686132969421,0.9674382702137763,-1.0468973116474118,2400
snaive_growth,3,Все категории,1310.6432844141896,1718.2611125610333,4.524141281629555,0.969599103968265,0.5609408861085032,6000
snaive_growth,3,Здоровье,117.4643452653193,160.43610221742605,8.162232340449592,0.9564545701089173,-0.04719169785598454,6000
snaive_growth,3,Маркетплейсы,526.0224128783207,716.6811353621599,11.269945461893904,0.7608663077342105,-0.040559242742769674,6000
snaive_growth,3,Общественное питание,140.0472431780578,389.04382358062753,8.854673527865446,0.9391319344048896,-0.6487108627116471,6000
snaive_growth,3,Продовольствие,496.28774680381235,638.9041473482849,3.9053788522473036,0.9553423823630188,0.7362941952059883,6000
snaive_growth,3,Транспорт,147.35248427115374,201.74623514339737,8.158182711485832,0.956982491941553,-0.7301951086930831,6000
snaive_growth,6,Все категории,1533.529075423605,1976.9361680191955,5.277121884894109,0.9597431861114097,0.4748105333779128,8400
snaive_growth,6,Здоровье,125.40822278164649,172.63153766302173,8.840657639546027,0.9489868608903075,-0.0017772875516695041,8400
snaive_growth,6,Маркетплейсы,620.9439782075576,848.5922404677026,13.44457689940272,0.6398185515642938,-0.14414661955112607,8400
snaive_growth,6,Общественное питание,179.36540866305424,583.6501142858432,11.125998995484052,0.8669773987623481,-0.9219202832039874,8400
snaive_growth,6,Продовольствие,558.9857596091789,716.4367943086695,4.3629416374576335,0.9434884723982361,0.7031175713913929,8400
snaive_growth,6,Транспорт,173.7961107262118,231.5605878346994,9.509403474679678,0.9446428951636399,-0.8865188019035872,8400
snaive_growth,12,Все категории,1290.7280897916664,1741.89868957124,4.455144428704749,0.969979759974014,0.5819212689427087,2400
snaive_growth,12,Здоровье,139.78306083333328,187.22309638305848,9.681831840325072,0.9405128369094955,-0.08237669275288129,2400
snaive_growth,12,Маркетплейсы,986.6117236666664,1110.3081917723414,20.858591459270095,0.5209688564482877,-0.887906438402039,2400
snaive_growth,12,Общественное питание,134.15846520833333,198.5266225450367,8.63682728213277,0.9837572857673725,0.03183833608064002,2400
snaive_growth,12,Продовольствие,605.5672441666661,795.6691279059577,4.772687842389269,0.9347112863554463,0.47466261993419856,2400
snaive_growth,12,Транспорт,163.74077399999996,226.1352967814896,9.146447710559364,0.9453281465332128,-0.20055231851215427,2400
yearly3_add,1,Все категории,2217.5134617023004,3801.9073740410117,7.654085180772187,0.8569883427764697,-0.4070590926175339,2400
yearly3_add,1,Здоровье,106.02595363044293,151.35561074866897,7.343704220241701,0.9611222197331374,-22.757089437053033,2400
yearly3_add,1,Маркетплейсы,507.5670392298288,777.4736703396094,10.730800430933508,0.7651189163489343,-0.19937740558556438,2400
yearly3_add,1,Общественное питание,104.41335169113208,153.02502896556032,6.721902215447212,0.9903495839745361,-12.07096162850459,2400
yearly3_add,1,Продовольствие,984.8896976642644,1728.9357709545934,7.762261138488811,0.6917303167933206,-0.41449043432595767,2400
yearly3_add,1,Транспорт,123.27881518889853,165.94587072227347,6.8862703491616095,0.9705584963216184,-0.7837472723542678,2400
yearly3_add,3,Все категории,2213.2244142646973,3826.633520492734,7.63971406801259,0.8492206716073928,-0.4412187062224573,6000
yearly3_add,3,Здоровье,122.57358610649065,172.56261853786506,8.517257609902714,0.9496230555451823,-17.63531807419407,6000
yearly3_add,3,Маркетплейсы,495.8080584078521,748.8222059381076,10.622607784426387,0.7389364418936295,-0.03885070691602066,6000
yearly3_add,3,Общественное питание,132.31784946204823,193.38350373832708,8.365972312686347,0.9849605726789619,-57.257468563696,6000
yearly3_add,3,Продовольствие,992.5171438389566,1784.4081895332943,7.8102985395161095,0.6516526172712553,-0.402318181745176,6000
yearly3_add,3,Транспорт,152.54586145421047,204.35369224986945,8.445714476956939,0.9558633518459659,-0.9998400495028776,6000
yearly3_add,6,Все категории,2618.091037731752,4291.095178804002,9.00927522880059,0.8103335999895029,-0.5861527856089463,8400
yearly3_add,6,Здоровье,138.1166917933101,192.62075818753195,9.736541666628664,0.9364891468125628,-14.574241138563986,8400
yearly3_add,6,Маркетплейсы,560.4185086942828,832.9173386134091,12.134089387159424,0.6530019507864222,-0.052627326662337826,8400
yearly3_add,6,Общественное питание,158.9434776662816,231.67235167987914,9.859230863046827,0.9790410896177405,-89.30319707207495,8400
yearly3_add,6,Продовольствие,1166.1260870299438,2020.4226343605783,9.101734654538673,0.5505661970740121,-0.5247809259397724,8400
yearly3_add,6,Транспорт,179.2850978342151,237.76573105103387,9.809738118874026,0.9416363287571498,-1.4872355694017672,8400
yearly3_add,12,Все категории,9061.353670978286,10159.395801522172,31.27664117877702,-0.021184316523369606,-7.214440203170611,2400
yearly3_add,12,Здоровье,262.63875837338185,336.1520614539898,18.191219151759185,0.8082320750566513,-1.5337517906810407,2400
yearly3_add,12,Маркетплейсы,1592.1412626967913,1877.8719251744374,33.66047995113725,-0.3702777302576017,-1.5742715025448675,2400
yearly3_add,12,Общественное питание,191.77745219486866,292.29804571036965,12.346211091804218,0.9647894411059317,-254.99025388434802,2400
yearly3_add,12,Продовольствие,4879.736702210425,5172.728076203669,38.45891642430151,-1.7593856025884338,-13.447370157395017,2400
yearly3_add,12,Транспорт,235.46197060437893,327.7510940691058,13.152744727823373,0.8851541287164242,-1.8470249281186537,2400
yearly3_log,1,Все категории,3062.2614852632328,6618.617029074297,10.569861540326189,0.5665860553640503,-1.998548053155298,2400
yearly3_log,1,Здоровье,120.1638111787653,195.55055327693478,8.322938460422872,0.9351033155809274,-0.3750897697365585,2400
yearly3_log,1,Маркетплейсы,608.4482092890679,944.1963398865662,12.8635939724278,0.653581332760159,-0.5339513806566001,2400
yearly3_log,1,Общественное питание,138.43960548620453,305.2615064211783,8.912437688774922,0.9615969974274933,-0.6686111043808018,2400
yearly3_log,1,Продовольствие,1472.237072385393,3398.0111657219995,11.603216726422993,-0.19075578419101213,-2.7077969331826144,2400
yearly3_log,1,Транспорт,144.67987614868693,239.13440374015906,8.081718985670424,0.938862002487981,-0.6983040919001688,2400
yearly3_log,3,Все категории,5946.561390831577,42753.042810506915,20.526625506672715,-17.820975131502657,-7.99945205131948,6000
yearly3_log,3,Здоровье,165.48885699362592,389.8250381390142,11.499306427720029,0.7429143488058437,-0.6016700827375125,6000
yearly3_log,3,Маркетплейсы,716.8244312447291,1633.661244073446,15.357847970158536,-0.2425470308723381,-0.9625135687388162,6000
yearly3_log,3,Общественное питание,240.28192205267948,739.7250576771648,15.19214463735933,0.7799440524445548,-0.9095811848342779,6000
yearly3_log,3,Продовольствие,3223.326209474018,17814.76431343737,25.364942200256618,-33.72036631117113,-10.057783952653237,6000
yearly3_log,3,Транспорт,244.592394725145,721.695509209278,13.54187854977501,0.4495189457140414,-1.7895998527665054,6000
yearly3_log,6,Все категории,17968.003007142037,166423.11092867947,61.83080804688399,-284.2866031452491,-23.47860157249242,8400
yearly3_log,6,Здоровье,251.49724091668324,912.9254737781225,17.729307974534333,-0.42663351409514316,-1.7642455942758635,8400
yearly3_log,6,Маркетплейсы,1084.3731562698283,5816.907499777452,23.478669250005307,-15.92417639323903,-1.7811026234910443,8400
yearly3_log,6,Общественное питание,486.888859381125,2089.8257256023335,30.201614685711657,-0.7054556429563315,-2.0400431832884744,8400
yearly3_log,6,Продовольствие,16157.341878971692,254213.11563661645,126.10972358882613,-7114.037444392966,-29.382747845758153,8400
yearly3_log,6,Транспорт,620.3387666372474,8808.801986149158,33.942368435573144,-79.10834820187513,-5.156882765999316,8400
yearly3_log,12,Все категории,251443.92041712478,872743.264592547,867.8969567934685,-7535.008629251003,-284.1089951092914,2400
yearly3_log,12,Здоровье,1303.2795875531228,4853.007221703851,90.26940555166736,-38.96927643306464,-11.809896599720787,2400
yearly3_log,12,Маркетплейсы,6947.747613872711,27547.447836591433,146.8867899737747,-293.87598192708595,-11.484886958651042,2400
yearly3_log,12,Общественное питание,2254.962855291599,7050.63470615787,145.16955511182127,-19.486960218067896,-6.181742932220714,2400
yearly3_log,12,Продовольствие,489845.70634619176,3920361.5337260473,3860.6458157132665,-1584984.6520373148,-620.5742155666978,2400
yearly3_log,12,Транспорт,17646.878746343216,249317.50058034697,985.7425842387288,-66454.75793779833,-36.240033244482056,2400
yearly3_mult,1,Все категории,2360.3636270391507,4150.120480457895,8.147154265789732,0.8295920763141547,-0.6095202870518319,2400
yearly3_mult,1,Здоровье,109.48609810767601,160.29922773520238,7.5833651403280316,0.9563918893226022,-0.2961599518253142,2400
yearly3_mult,1,Маркетплейсы,579.0510992565651,850.3774254605735,12.242090808070152,0.7190040200807457,-0.38113070757142387,2400
yearly3_mult,1,Общественное питание,111.23598940543758,210.25921102234452,7.161128644100195,0.981780722272221,-25.11103293340155,2400
yearly3_mult,1,Продовольствие,1040.6796864561827,1904.4682682448827,8.20196160742788,0.6259578208555032,-0.6369349647891753,2400
yearly3_mult,1,Транспорт,124.51447578610536,172.756935388918,6.955293505485219,0.9680921112383585,-0.7382144872238137,2400
yearly3_mult,3,Все категории,2416.804961247049,4374.30433320717,8.342443153563316,0.8029728608972058,-0.7419209902083588,6000
yearly3_mult,3,Здоровье,127.33717504460559,188.6650412881735,8.848264602700972,0.9397827043190092,-0.10886446484031942,6000
yearly3_mult,3,Маркетплейсы,579.4187778642,850.7073467917512,12.41395398039299,0.6630626232623973,-0.26375935514629,6000
yearly3_mult,3,Общественное питание,140.39339443117603,320.93576630784014,8.876559402003833,0.9585782265871549,-18.10439543029945,6000
yearly3_mult,3,Продовольствие,1071.9800123834914,2053.782271244383,8.435606354088069,0.538541194532929,-0.7096299922291704,6000
yearly3_mult,3,Транспорт,151.89882640459345,211.1623099035654,8.409891326898626,0.9528732838046798,-0.7980237726537864,6000
yearly3_mult,6,Все категории,2773.5732411284653,4697.1695564628835,9.544314669138366,0.7727381273664353,-0.7873296827420078,8400
yearly3_mult,6,Здоровье,139.5288610911111,202.31134961016488,9.836092597293504,0.9299380427637163,-0.1488768088729291,8400
yearly3_mult,6,Маркетплейсы,594.5018463779027,845.1571563082285,12.872056209542501,0.6427286639609754,-0.05193288537877416,8400
yearly3_mult,6,Общественное питание,174.2860812401645,427.1787025962608,10.810929371825639,0.9287410414029283,-36.17402605115834,8400
yearly3_mult,6,Продовольствие,1243.4271247309641,2247.9991316440146,9.705077244590093,0.44361737200465046,-0.7785069753757901,8400
yearly3_mult,6,Транспорт,180.06946637765355,242.08515217220602,9.852655517435108,0.9394965152339181,-1.1958824256518912,8400
yearly3_mult,12,Все категории,8828.220599550492,10199.2292127324,30.471946903868968,-0.02920782504557984,-7.100180874287007,2400
yearly3_mult,12,Здоровье,264.5803457634636,351.8315005336185,18.325699842781397,0.7899252515367402,-1.4834839337309735,2400
yearly3_mult,12,Маркетплейсы,1252.8563612931007,1553.961110023406,26.487440165660985,0.061667080475502734,-0.6267620942992209,2400
yearly3_mult,12,Общественное питание,257.9822853562551,756.1073807474095,16.608332817551215,0.7643930755478987,-281.7030463794698,2400
yearly3_mult,12,Продовольствие,4794.987669399815,5160.059363207363,37.79097957262113,-1.7458859345392677,-13.176017879579463,2400
yearly3_mult,12,Транспорт,238.4534535991013,334.5403517550973,13.319846923079002,0.8803468586043216,-1.5516526061108808,2400
yearly3_mult_cp001,1,Все категории,2354.7947778916714,4140.283577187401,8.127932535473402,0.8303989442808819,-0.6065329346056063,2400
yearly3_mult_cp001,1,Здоровье,109.8538593468281,160.68749888104713,7.608837486216247,0.9561803814181629,-0.2993672549217359,2400
yearly3_mult_cp001,1,Маркетплейсы,577.0639469551907,848.4061899409526,12.20007914631159,0.7203052476047658,-0.3819579274792473,2400
yearly3_mult_cp001,1,Общественное питание,112.67505101189745,212.270257230078,7.2537722691151485,0.981430535168912,-25.118802294982434,2400
yearly3_mult_cp001,1,Продовольствие,1039.364377091905,1902.8101305439434,8.19159519300844,0.6266088618341144,-0.6354357081589124,2400
yearly3_mult_cp001,1,Транспорт,124.9306168660703,173.67918777615967,6.978538861758635,0.9677505252524976,-0.7578202387347388,2400
yearly3_mult_cp001,3,Все категории,2415.754623229763,4369.727903250878,8.3388175464739,0.8033849077783954,-0.7395631143208756,6000
yearly3_mult_cp001,3,Здоровье,127.8432340376281,189.32833354642352,8.883429069584041,0.9393585464835701,-0.11210759180530361,6000
yearly3_mult_cp001,3,Маркетплейсы,579.313144974487,850.8058820304138,12.411690812746702,0.662984565566755,-0.262703575518773,6000
yearly3_mult_cp001,3,Общественное питание,142.47107903608648,321.85787981327826,9.007923779144509,0.9583398583370843,-18.107250648047838,6000
yearly3_mult_cp001,3,Продовольствие,1071.9310636681244,2052.971354666298,8.435221167713692,0.5389055279144328,-0.7094493100398656,6000
yearly3_mult_cp001,3,Транспорт,153.15062383956013,212.2586833146187,8.479197197395079,0.9523826412059277,-0.8132649547915176,6000
yearly3_mult_cp001,6,Все категории,2772.804039175497,4692.489316155047,9.541667720655314,0.7731907873186128,-0.7855882688771132,8400
yearly3_mult_cp001,6,Здоровье,139.57494247783734,202.4307876964264,9.839341106478676,0.9298552937115634,-0.15064287943751564,8400
yearly3_mult_cp001,6,Маркетплейсы,594.2316039381914,845.0898840083747,12.866204964680334,0.6427855374258157,-0.05051353292034877,8400
yearly3_mult_cp001,6,Общественное питание,174.29666164953068,427.0053942032647,10.81158567241814,0.9287988498580091,-34.7330771442684,8400
yearly3_mult_cp001,6,Продовольствие,1243.668800975022,2247.1162490891456,9.706963552657621,0.44405431528263883,-0.7782711344049269,8400
yearly3_mult_cp001,6,Транспорт,180.45520129703988,242.43454236369683,9.873761334863303,0.939321745499897,-1.1991614012181664,8400
yearly3_mult_cp001,12,Все категории,8819.883855366166,10186.971786312146,30.443171362606574,-0.026735509087040255,-7.088020058410324,2400
yearly3_mult_cp001,12,Здоровье,264.5081236716938,351.8386124891385,18.32069750456171,0.7899167585088844,-1.482080927645451,2400
yearly3_mult_cp001,12,Маркетплейсы,1253.2125084274376,1554.2790539149591,26.494969700731698,0.06128307119971077,-0.6234638045110603,2400
yearly3_mult_cp001,12,Общественное питание,257.7168880789567,755.6000865951021,16.59124712384106,0.764709120392015,-278.08858136813495,2400
yearly3_mult_cp001,12,Продовольствие,4793.317313280613,5158.3346350106485,37.77781491020029,-1.7440506396000206,-13.169249186582572,2400
yearly3_mult_cp001,12,Транспорт,238.7343938401992,334.9266444142938,13.3355400529099,0.8800703728792193,-1.5664117460019433,2400
yearly3_mult_flat,1,Все категории,3566.146516943567,4286.512642530235,12.309097409873818,0.8182072357520715,-0.8066608517936193,2400
yearly3_mult_flat,1,Здоровье,153.6874129303193,203.14527723239635,10.644892729456696,0.929964558381452,-0.4904573127977223,2400
yearly3_mult_flat,1,Маркетплейсы,1462.6888634552352,1599.1416835578323,30.923643722223538,0.006310847260345254,-6.475719632004614,2400
yearly3_mult_flat,1,Общественное питание,262.3214211031697,383.3728903815913,16.887676845090837,0.9394291185693331,-1.6609222608111192,2400
yearly3_mult_flat,1,Продовольствие,1184.94775526179,1436.0479715014271,9.338988856946672,0.7873276684598016,-0.0827926337895557,2400
yearly3_mult_flat,1,Транспорт,207.1845225716765,268.44404521845456,11.573185809779094,0.9229567426970292,-1.5541387081881664,2400
yearly3_mult_flat,3,Все категории,3920.8992767232867,4501.288862766609,13.534347972388117,0.7913675637599809,-1.3226711383643357,6000
yearly3_mult_flat,3,Здоровье,170.74161624536674,223.3612337267166,11.864304345550446,0.9155977591179937,-0.1505940097910603,6000
yearly3_mult_flat,3,Маркетплейсы,1639.6896540772186,1746.2599830464806,35.13008671011997,-0.4197328370234401,-8.790407226483731,6000
yearly3_mult_flat,3,Общественное питание,300.4453017462288,437.3516305379184,18.996054471143584,0.9230774008619895,-0.9998090848327357,6000
yearly3_mult_flat,3,Продовольствие,1274.824898888211,1472.5049901487446,10.031829785240392,0.762787436535955,-0.2307281260512064,6000
yearly3_mult_flat,3,Транспорт,230.79394037456964,298.2493695201157,12.777925961633086,0.9059858033449925,-0.9274551905125024,6000
yearly3_mult_flat,6,Все категории,4003.332683434914,4532.203845902928,13.776116054682962,0.7884207974069988,-1.2316638978029464,8400
yearly3_mult_flat,6,Здоровье,169.92835886766298,221.20427715765746,11.979106398904985,0.916241515398353,0.011722663242488163,8400
yearly3_mult_flat,6,Маркетплейсы,1664.3502631854008,1758.9003955002236,36.036238189361555,-0.5474111462272495,-7.12411018936683,8400
yearly3_mult_flat,6,Общественное питание,309.3861077081095,449.00405977679884,19.19115591592984,0.921273522149852,-0.6538823718040196,8400
yearly3_mult_flat,6,Продовольствие,1313.040527962554,1490.699787589579,10.24841705291827,0.7553407374295588,-0.1569288759455123,8400
yearly3_mult_flat,6,Транспорт,235.95228587843025,304.4912388880566,12.910331985079077,0.9042819848763691,-0.5663802702412777,8400
yearly3_mult_flat,12,Все категории,3962.6561391532764,4653.200637057749,13.677710712928636,0.7857741211433791,-1.514360991411222,2400
yearly3_mult_flat,12,Здоровье,172.18788325117524,227.15349436543434,11.926295794646542,0.912432438661672,-0.007925104747478207,2400
yearly3_mult_flat,12,Маркетплейсы,1655.644783385411,1795.0849807016657,35.0030486258196,-0.25212211988122,-3.850718889590601,2400
yearly3_mult_flat,12,Общественное питание,298.8756575575037,436.96510036166404,19.240958288763117,0.9213108961683715,-0.2643412548345965,2400
yearly3_mult_flat,12,Продовольствие,1285.508531024082,1514.9057663425906,10.13154360049524,0.7633293879098316,-0.8473407985349619,2400
yearly3_mult_flat,12,Транспорт,234.22822211446405,302.81141691656836,13.083828380506072,0.9019671615403859,-0.22673490765584758,2400
yearly3_mult_prior1,1,Все категории,2359.6480410178765,4147.961351843721,8.144684311737324,0.829769341969988,-0.6082234091166454,2400
yearly3_mult_prior1,1,Здоровье,109.33837606508682,160.09927175470474,7.573133428653302,0.9565006142891228,-0.2933653872691946,2400
yearly3_mult_prior1,1,Маркетплейсы,578.8957800393828,850.148792696028,12.238807104847027,0.7191550971186365,-0.3788497073142405,2400
yearly3_mult_prior1,1,Общественное питание,108.10226638069999,173.0671019140315,6.959386439665524,0.9876561641491609,-0.8384856781153955,2400
yearly3_mult_prior1,1,Продовольствие,1040.8735067655768,1903.727807078359,8.203489173264975,0.6262486210446025,-0.6363559918055821,2400
yearly3_mult_prior1,1,Транспорт,124.48156862539402,172.6867665653077,6.953455333981588,0.9681180260801264,-0.7393524225576944,2400
yearly3_mult_prior1,3,Все категории,2414.276859893279,4370.392932297789,8.333716532189866,0.8033250575085075,-0.7388878202638947,6000
yearly3_mult_prior1,3,Здоровье,127.21706763515782,188.42039735972133,8.839918712043618,0.939938771857955,-0.10670324945980814,6000
yearly3_mult_prior1,3,Маркетплейсы,579.0802745564955,850.1457055291138,12.406701601553035,0.6635073718977464,-0.2607107643949107,6000
yearly3_mult_prior1,3,Общественное питание,135.31039144598785,259.22588770727657,8.555179766434838,0.9729760274596775,-1.0097511095135263,6000
yearly3_mult_prior1,3,Продовольствие,1071.6921880284287,2052.1494034998486,8.433341411710058,0.539274672148707,-0.7081033075953727,6000
yearly3_mult_prior1,3,Транспорт,152.03549548756956,211.20348995453375,8.417458022196946,0.9528549010752262,-0.8021094634364501,6000
yearly3_mult_prior1,6,Все категории,2772.467882054049,4694.373463737323,9.540510949563858,0.7730086120189041,-0.7855499515027731,8400
yearly3_mult_prior1,6,Здоровье,139.43383560528298,202.10649398887702,9.829393771900685,0.930079857044169,-0.1464053944415662,8400
yearly3_mult_prior1,6,Маркетплейсы,594.234843931366,844.6758560923658,12.86627511647972,0.6431354659562267,-0.04903224098574155,8400
yearly3_mult_prior1,6,Общественное питание,165.84596173078043,318.29031975678663,10.287390514009545,0.9604390103417648,-24.704111342491274,8400
yearly3_mult_prior1,6,Продовольствие,1243.1062886691382,2246.37616844947,9.702573085961944,0.44442045289046517,-0.776929430546045,8400
yearly3_mult_prior1,6,Транспорт,180.18957361126192,242.06223825645765,9.859227287884039,0.9395079682794959,-1.193255346635714,8400
yearly3_mult_prior1,12,Все категории,8822.923832734801,10192.469694433415,30.4536643071271,-0.02784406634776171,-7.090700569666108,2400
yearly3_mult_prior1,12,Здоровье,264.16366460004554,351.37267556939173,18.29683914298563,0.7904728130205849,-1.4750227897475652,2400
yearly3_mult_prior1,12,Маркетплейсы,1252.1360850165229,1552.8661182576502,26.472212342769215,0.0629889987832849,-0.6163819356514888,2400
yearly3_mult_prior1,12,Общественное питание,221.89888026212682,472.14152596833594,14.285362462566436,0.9081317393465028,-264.4104931612503,2400
yearly3_mult_prior1,12,Продовольствие,4792.564249606139,5156.4891714805335,37.7718797512591,-1.7420875488456264,-13.162896075872316,2400
yearly3_mult_prior1,12,Транспорт,238.26744540910528,333.9864418496207,13.309456632731806,0.8807427581799334,-1.5410363864857355,2400
yearly5_mult,1,Все категории,2009.3875112686744,3634.3010279321597,6.935706789632571,0.8693196860137471,-0.1028392440316721,2400
yearly5_mult,1,Здоровье,131.30475640855113,321.8212779188509,9.094596754453708,0.8242343837463856,-25.330563623863974,2400
yearly5_mult,1,Маркетплейсы,506.520930541939,756.3386653925122,10.708683975980396,0.7777154555179842,-13.697734422311505,2400
yearly5_mult,1,Общественное питание,122.58463862826044,395.06607589240804,7.8917297513119005,0.9356778470285991,-48.02176855502616,2400
yearly5_mult,1,Продовольствие,837.4023931564599,1627.7139407951265,6.59986196331574,0.7267694459675296,-0.22646829769981047,2400
yearly5_mult,1,Транспорт,143.7545548564545,227.7229952957891,8.030031170790112,0.9445577480845108,-1.7834904379492644,2400
yearly5_mult,3,Все категории,2143.7123518333683,3883.8975517282065,7.399769000612082,0.8446742022213605,-0.24688758697383228,6000
yearly5_mult,3,Здоровье,146.01439949755596,332.6585673459654,10.146086891799595,0.8127870858946099,-13.345822596159032,6000
yearly5_mult,3,Маркетплейсы,515.4952419355237,770.1307783711463,11.04440252020788,0.7238673351221043,-5.315510040314945,6000
yearly5_mult,3,Общественное питание,156.48443379091336,480.04340621700004,9.89393680280961,0.9073269476409437,-33.789702584157745,6000
yearly5_mult,3,Продовольствие,923.5213621094357,1743.7286892643438,7.267358141337671,0.6673542628920601,-0.2752555611188263,6000
yearly5_mult,3,Транспорт,172.85442662237634,258.1733179006293,9.570099899228701,0.9295538792183754,-1.9020720845576453,6000
yearly5_mult,6,Все категории,2413.8884534675376,4145.569066841561,8.306581068225281,0.8229799674929623,-0.2986724603752684,8400
yearly5_mult,6,Здоровье,167.15120836967873,353.3263203552403,11.78333106438867,0.786305299465482,-35.20645409162129,8400
yearly5_mult,6,Маркетплейсы,531.1870380878233,769.1458237911257,11.50117439282187,0.7041029739038971,-6.103264567899514,8400
yearly5_mult,6,Общественное питание,204.3754863165537,542.7560106571495,12.67736891080892,0.8849651131383112,-67.1873876368593,8400
yearly5_mult,6,Продовольствие,1064.3554186151393,1901.5904908394075,8.30740406728134,0.6018788249823963,-0.3165976179675525,8400
yearly5_mult,6,Транспорт,211.6337099521283,298.3168722795096,11.579720215652642,0.9081244999663357,-51.3670342745658,8400
yearly5_mult,12,Все категории,6166.817257012766,8657.538885589749,21.285708246928493,0.2584212489678299,-3.6687164112343966,2400
yearly5_mult,12,Здоровье,357.2648172891342,484.66373152064534,24.745329389961505,0.6013557956719895,-545.5957552144295,2400
yearly5_mult,12,Маркетплейсы,934.8766838595568,1348.8157423859398,19.764827789550957,0.2930610451265724,-54.656171722824084,2400
yearly5_mult,12,Общественное питание,411.01159763995895,972.9847442366587,26.460023780514113,0.6098486113807648,-797.7721926801873,2400
yearly5_mult,12,Продовольствие,3773.2098285186835,4331.0750661425545,29.737990039630517,-0.9344812227654689,-8.991635919670943,2400
yearly5_mult,12,Транспорт,428.72813873877556,577.701677875351,23.948460772633528,0.6431921960309799,-746.2940742190884,2400
